treatment,item_a,item_b,theo_together,emp_together,det_together
strict,COG_009,COG_010,True,True,True
strict,COG_009,COG_011,True,False,True
strict,COG_009,COG_012,True,True,True
strict,COG_009,COG_014,False,False,False
strict,COG_009,COG_021,False,True,False
strict,COG_009,COG_022,False,False,False
strict,COG_009,COG_024,False,False,True
strict,COG_009,COG_026,True,False,True
strict,COG_009,COG_028,False,False,False
strict,COG_009,COG_032,False,False,False
strict,COG_009,COG_034,False,False,False
strict,COG_009,COG_037,False,False,False
strict,COG_009,COG_040,False,False,False
strict,COG_009,COG_041,True,False,True
strict,COG_009,COG_042,False,False,False
strict,COG_009,COG_043,False,False,False
strict,COG_009,COG_049,False,False,False
strict,COG_009,COG_053,False,False,False
strict,COG_009,COG_056,False,False,False
strict,COG_009,COG_057,False,False,False
strict,COG_009,COG_060,False,False,False
strict,COG_009,COG_062,False,False,False
strict,COG_009,COG_063,False,False,False
strict,COG_009,COG_064,False,False,False
strict,COG_009,COG_067,False,False,True
strict,COG_009,COG_068,False,False,False
strict,COG_009,COG_073,False,False,False
strict,COG_009,COG_074,False,False,False
strict,COG_009,COG_076,False,False,False
strict,COG_009,COG_080,False,False,False
strict,COG_010,COG_011,True,False,True
strict,COG_010,COG_012,True,True,True
strict,COG_010,COG_014,False,False,False
strict,COG_010,COG_021,False,True,False
strict,COG_010,COG_022,False,False,False
strict,COG_010,COG_024,False,False,True
strict,COG_010,COG_026,True,False,True
strict,COG_010,COG_028,False,False,False
strict,COG_010,COG_032,False,False,False
strict,COG_010,COG_034,False,False,False
strict,COG_010,COG_037,False,False,False
strict,COG_010,COG_040,False,False,False
strict,COG_010,COG_041,True,False,True
strict,COG_010,COG_042,False,False,False
strict,COG_010,COG_043,False,False,False
strict,COG_010,COG_049,False,False,False
strict,COG_010,COG_053,False,False,False
strict,COG_010,COG_056,False,False,False
strict,COG_010,COG_057,False,False,False
strict,COG_010,COG_060,False,False,False
strict,COG_010,COG_062,False,False,False
strict,COG_010,COG_063,False,False,False
strict,COG_010,COG_064,False,False,False
strict,COG_010,COG_067,False,False,True
strict,COG_010,COG_068,False,False,False
strict,COG_010,COG_073,False,False,False
strict,COG_010,COG_074,False,False,False
strict,COG_010,COG_076,False,False,False
strict,COG_010,COG_080,False,False,False
strict,COG_011,COG_012,True,False,True
strict,COG_011,COG_014,False,True,False
strict,COG_011,COG_021,False,False,False
strict,COG_011,COG_022,False,True,False
strict,COG_011,COG_024,False,False,True
strict,COG_011,COG_026,True,False,True
strict,COG_011,COG_028,False,False,False
strict,COG_011,COG_032,False,False,False
strict,COG_011,COG_034,False,True,False
strict,COG_011,COG_037,False,False,False
strict,COG_011,COG_040,False,False,False
strict,COG_011,COG_041,True,False,True
strict,COG_011,COG_042,False,False,False
strict,COG_011,COG_043,False,False,False
strict,COG_011,COG_049,False,False,False
strict,COG_011,COG_053,False,False,False
strict,COG_011,COG_056,False,False,False
strict,COG_011,COG_057,False,False,False
strict,COG_011,COG_060,False,False,False
strict,COG_011,COG_062,False,False,False
strict,COG_011,COG_063,False,False,False
strict,COG_011,COG_064,False,False,False
strict,COG_011,COG_067,False,False,True
strict,COG_011,COG_068,False,False,False
strict,COG_011,COG_073,False,False,False
strict,COG_011,COG_074,False,False,False
strict,COG_011,COG_076,False,False,False
strict,COG_011,COG_080,False,False,False
strict,COG_012,COG_014,False,False,False
strict,COG_012,COG_021,False,True,False
strict,COG_012,COG_022,False,False,False
strict,COG_012,COG_024,False,False,True
strict,COG_012,COG_026,True,False,True
strict,COG_012,COG_028,False,False,False
strict,COG_012,COG_032,False,False,False
strict,COG_012,COG_034,False,False,False
strict,COG_012,COG_037,False,False,False
strict,COG_012,COG_040,False,False,False
strict,COG_012,COG_041,True,False,True
strict,COG_012,COG_042,False,False,False
strict,COG_012,COG_043,False,False,False
strict,COG_012,COG_049,False,False,False
strict,COG_012,COG_053,False,False,False
strict,COG_012,COG_056,False,False,False
strict,COG_012,COG_057,False,False,False
strict,COG_012,COG_060,False,False,False
strict,COG_012,COG_062,False,False,False
strict,COG_012,COG_063,False,False,False
strict,COG_012,COG_064,False,False,False
strict,COG_012,COG_067,False,False,True
strict,COG_012,COG_068,False,False,False
strict,COG_012,COG_073,False,False,False
strict,COG_012,COG_074,False,False,False
strict,COG_012,COG_076,False,False,False
strict,COG_012,COG_080,False,False,False
strict,COG_014,COG_021,False,False,False
strict,COG_014,COG_022,True,True,True
strict,COG_014,COG_024,False,False,False
strict,COG_014,COG_026,False,False,False
strict,COG_014,COG_028,False,False,False
strict,COG_014,COG_032,False,False,False
strict,COG_014,COG_034,False,True,True
strict,COG_014,COG_037,False,False,False
strict,COG_014,COG_040,False,False,False
strict,COG_014,COG_041,False,False,False
strict,COG_014,COG_042,False,False,False
strict,COG_014,COG_043,False,False,False
strict,COG_014,COG_049,False,False,False
strict,COG_014,COG_053,False,False,False
strict,COG_014,COG_056,False,False,False
strict,COG_014,COG_057,True,False,True
strict,COG_014,COG_060,False,False,False
strict,COG_014,COG_062,False,False,False
strict,COG_014,COG_063,False,False,False
strict,COG_014,COG_064,False,False,False
strict,COG_014,COG_067,False,False,False
strict,COG_014,COG_068,False,False,False
strict,COG_014,COG_073,False,False,False
strict,COG_014,COG_074,False,False,False
strict,COG_014,COG_076,False,False,False
strict,COG_014,COG_080,False,False,False
strict,COG_021,COG_022,False,False,False
strict,COG_021,COG_024,True,False,False
strict,COG_021,COG_026,False,False,False
strict,COG_021,COG_028,True,False,True
strict,COG_021,COG_032,True,False,True
strict,COG_021,COG_034,False,False,False
strict,COG_021,COG_037,True,False,True
strict,COG_021,COG_040,False,False,False
strict,COG_021,COG_041,False,False,False
strict,COG_021,COG_042,True,False,True
strict,COG_021,COG_043,False,False,False
strict,COG_021,COG_049,False,False,False
strict,COG_021,COG_053,False,False,False
strict,COG_021,COG_056,True,False,False
strict,COG_021,COG_057,False,False,False
strict,COG_021,COG_060,True,False,False
strict,COG_021,COG_062,False,False,False
strict,COG_021,COG_063,False,False,False
strict,COG_021,COG_064,True,False,False
strict,COG_021,COG_067,True,False,False
strict,COG_021,COG_068,False,False,False
strict,COG_021,COG_073,False,False,False
strict,COG_021,COG_074,False,False,False
strict,COG_021,COG_076,True,False,False
strict,COG_021,COG_080,True,False,False
strict,COG_022,COG_024,False,False,False
strict,COG_022,COG_026,False,False,False
strict,COG_022,COG_028,False,False,False
strict,COG_022,COG_032,False,False,False
strict,COG_022,COG_034,False,True,True
strict,COG_022,COG_037,False,False,False
strict,COG_022,COG_040,False,False,False
strict,COG_022,COG_041,False,False,False
strict,COG_022,COG_042,False,False,False
strict,COG_022,COG_043,False,False,False
strict,COG_022,COG_049,False,False,False
strict,COG_022,COG_053,False,False,False
strict,COG_022,COG_056,False,False,False
strict,COG_022,COG_057,True,False,True
strict,COG_022,COG_060,False,False,False
strict,COG_022,COG_062,False,False,False
strict,COG_022,COG_063,False,False,False
strict,COG_022,COG_064,False,False,False
strict,COG_022,COG_067,False,False,False
strict,COG_022,COG_068,False,False,False
strict,COG_022,COG_073,False,False,False
strict,COG_022,COG_074,False,False,False
strict,COG_022,COG_076,False,False,False
strict,COG_022,COG_080,False,False,False
strict,COG_024,COG_026,False,True,True
strict,COG_024,COG_028,True,True,False
strict,COG_024,COG_032,True,True,False
strict,COG_024,COG_034,False,False,False
strict,COG_024,COG_037,True,True,False
strict,COG_024,COG_040,False,False,False
strict,COG_024,COG_041,False,False,True
strict,COG_024,COG_042,True,True,False
strict,COG_024,COG_043,False,False,False
strict,COG_024,COG_049,False,False,False
strict,COG_024,COG_053,False,False,False
strict,COG_024,COG_056,True,False,False
strict,COG_024,COG_057,False,False,False
strict,COG_024,COG_060,True,False,False
strict,COG_024,COG_062,False,False,False
strict,COG_024,COG_063,False,False,False
strict,COG_024,COG_064,True,False,False
strict,COG_024,COG_067,True,False,True
strict,COG_024,COG_068,False,False,False
strict,COG_024,COG_073,False,False,False
strict,COG_024,COG_074,False,False,False
strict,COG_024,COG_076,True,False,False
strict,COG_024,COG_080,True,False,False
strict,COG_026,COG_028,False,True,False
strict,COG_026,COG_032,False,True,False
strict,COG_026,COG_034,False,False,False
strict,COG_026,COG_037,False,True,False
strict,COG_026,COG_040,False,False,False
strict,COG_026,COG_041,True,False,True
strict,COG_026,COG_042,False,True,False
strict,COG_026,COG_043,False,False,False
strict,COG_026,COG_049,False,False,False
strict,COG_026,COG_053,False,False,False
strict,COG_026,COG_056,False,False,False
strict,COG_026,COG_057,False,False,False
strict,COG_026,COG_060,False,False,False
strict,COG_026,COG_062,False,False,False
strict,COG_026,COG_063,False,False,False
strict,COG_026,COG_064,False,False,False
strict,COG_026,COG_067,False,False,True
strict,COG_026,COG_068,False,False,False
strict,COG_026,COG_073,False,False,False
strict,COG_026,COG_074,False,False,False
strict,COG_026,COG_076,False,False,False
strict,COG_026,COG_080,False,False,False
strict,COG_028,COG_032,True,True,True
strict,COG_028,COG_034,False,False,False
strict,COG_028,COG_037,True,True,True
strict,COG_028,COG_040,False,False,False
strict,COG_028,COG_041,False,False,False
strict,COG_028,COG_042,True,True,True
strict,COG_028,COG_043,False,False,False
strict,COG_028,COG_049,False,False,False
strict,COG_028,COG_053,False,False,False
strict,COG_028,COG_056,True,False,False
strict,COG_028,COG_057,False,False,False
strict,COG_028,COG_060,True,False,False
strict,COG_028,COG_062,False,False,False
strict,COG_028,COG_063,False,False,False
strict,COG_028,COG_064,True,False,False
strict,COG_028,COG_067,True,False,False
strict,COG_028,COG_068,False,False,False
strict,COG_028,COG_073,False,False,False
strict,COG_028,COG_074,False,False,False
strict,COG_028,COG_076,True,False,False
strict,COG_028,COG_080,True,False,False
strict,COG_032,COG_034,False,False,False
strict,COG_032,COG_037,True,True,True
strict,COG_032,COG_040,False,False,False
strict,COG_032,COG_041,False,False,False
strict,COG_032,COG_042,True,True,True
strict,COG_032,COG_043,False,False,False
strict,COG_032,COG_049,False,False,False
strict,COG_032,COG_053,False,False,False
strict,COG_032,COG_056,True,False,False
strict,COG_032,COG_057,False,False,False
strict,COG_032,COG_060,True,False,False
strict,COG_032,COG_062,False,False,False
strict,COG_032,COG_063,False,False,False
strict,COG_032,COG_064,True,False,False
strict,COG_032,COG_067,True,False,False
strict,COG_032,COG_068,False,False,False
strict,COG_032,COG_073,False,False,False
strict,COG_032,COG_074,False,False,False
strict,COG_032,COG_076,True,False,False
strict,COG_032,COG_080,True,False,False
strict,COG_034,COG_037,False,False,False
strict,COG_034,COG_040,True,False,False
strict,COG_034,COG_041,False,False,False
strict,COG_034,COG_042,False,False,False
strict,COG_034,COG_043,True,False,False
strict,COG_034,COG_049,True,False,False
strict,COG_034,COG_053,True,False,False
strict,COG_034,COG_056,False,False,False
strict,COG_034,COG_057,False,False,True
strict,COG_034,COG_060,False,False,False
strict,COG_034,COG_062,False,False,False
strict,COG_034,COG_063,False,False,False
strict,COG_034,COG_064,False,False,False
strict,COG_034,COG_067,False,False,False
strict,COG_034,COG_068,False,False,False
strict,COG_034,COG_073,True,False,False
strict,COG_034,COG_074,True,False,False
strict,COG_034,COG_076,False,False,False
strict,COG_034,COG_080,False,False,False
strict,COG_037,COG_040,False,False,False
strict,COG_037,COG_041,False,False,False
strict,COG_037,COG_042,True,True,True
strict,COG_037,COG_043,False,False,False
strict,COG_037,COG_049,False,False,False
strict,COG_037,COG_053,False,False,False
strict,COG_037,COG_056,True,False,False
strict,COG_037,COG_057,False,False,False
strict,COG_037,COG_060,True,False,False
strict,COG_037,COG_062,False,False,False
strict,COG_037,COG_063,False,False,False
strict,COG_037,COG_064,True,False,False
strict,COG_037,COG_067,True,False,False
strict,COG_037,COG_068,False,False,False
strict,COG_037,COG_073,False,False,False
strict,COG_037,COG_074,False,False,False
strict,COG_037,COG_076,True,False,False
strict,COG_037,COG_080,True,False,False
strict,COG_040,COG_041,False,True,False
strict,COG_040,COG_042,False,False,False
strict,COG_040,COG_043,True,True,True
strict,COG_040,COG_049,True,True,True
strict,COG_040,COG_053,True,True,True
strict,COG_040,COG_056,False,False,False
strict,COG_040,COG_057,False,True,False
strict,COG_040,COG_060,False,False,False
strict,COG_040,COG_062,False,False,False
strict,COG_040,COG_063,False,False,False
strict,COG_040,COG_064,False,False,False
strict,COG_040,COG_067,False,False,False
strict,COG_040,COG_068,False,False,False
strict,COG_040,COG_073,True,False,True
strict,COG_040,COG_074,True,False,True
strict,COG_040,COG_076,False,False,False
strict,COG_040,COG_080,False,False,False
strict,COG_041,COG_042,False,False,False
strict,COG_041,COG_043,False,True,False
strict,COG_041,COG_049,False,True,False
strict,COG_041,COG_053,False,True,False
strict,COG_041,COG_056,False,False,False
strict,COG_041,COG_057,False,True,False
strict,COG_041,COG_060,False,False,False
strict,COG_041,COG_062,False,False,False
strict,COG_041,COG_063,False,False,False
strict,COG_041,COG_064,False,False,False
strict,COG_041,COG_067,False,False,True
strict,COG_041,COG_068,False,False,False
strict,COG_041,COG_073,False,False,False
strict,COG_041,COG_074,False,False,False
strict,COG_041,COG_076,False,False,False
strict,COG_041,COG_080,False,False,False
strict,COG_042,COG_043,False,False,False
strict,COG_042,COG_049,False,False,False
strict,COG_042,COG_053,False,False,False
strict,COG_042,COG_056,True,False,False
strict,COG_042,COG_057,False,False,False
strict,COG_042,COG_060,True,False,False
strict,COG_042,COG_062,False,False,False
strict,COG_042,COG_063,False,False,False
strict,COG_042,COG_064,True,False,False
strict,COG_042,COG_067,True,False,False
strict,COG_042,COG_068,False,False,False
strict,COG_042,COG_073,False,False,False
strict,COG_042,COG_074,False,False,False
strict,COG_042,COG_076,True,False,False
strict,COG_042,COG_080,True,False,False
strict,COG_043,COG_049,True,True,True
strict,COG_043,COG_053,True,True,True
strict,COG_043,COG_056,False,False,False
strict,COG_043,COG_057,False,True,False
strict,COG_043,COG_060,False,False,False
strict,COG_043,COG_062,False,False,False
strict,COG_043,COG_063,False,False,False
strict,COG_043,COG_064,False,False,False
strict,COG_043,COG_067,False,False,False
strict,COG_043,COG_068,False,False,False
strict,COG_043,COG_073,True,False,True
strict,COG_043,COG_074,True,False,True
strict,COG_043,COG_076,False,False,False
strict,COG_043,COG_080,False,False,False
strict,COG_049,COG_053,True,True,True
strict,COG_049,COG_056,False,False,False
strict,COG_049,COG_057,False,True,False
strict,COG_049,COG_060,False,False,False
strict,COG_049,COG_062,False,False,False
strict,COG_049,COG_063,False,False,False
strict,COG_049,COG_064,False,False,False
strict,COG_049,COG_067,False,False,False
strict,COG_049,COG_068,False,False,False
strict,COG_049,COG_073,True,False,True
strict,COG_049,COG_074,True,False,True
strict,COG_049,COG_076,False,False,False
strict,COG_049,COG_080,False,False,False
strict,COG_053,COG_056,False,False,False
strict,COG_053,COG_057,False,True,False
strict,COG_053,COG_060,False,False,False
strict,COG_053,COG_062,False,False,False
strict,COG_053,COG_063,False,False,False
strict,COG_053,COG_064,False,False,False
strict,COG_053,COG_067,False,False,False
strict,COG_053,COG_068,False,False,False
strict,COG_053,COG_073,True,False,True
strict,COG_053,COG_074,True,False,True
strict,COG_053,COG_076,False,False,False
strict,COG_053,COG_080,False,False,False
strict,COG_056,COG_057,False,False,False
strict,COG_056,COG_060,True,True,True
strict,COG_056,COG_062,False,True,True
strict,COG_056,COG_063,False,True,True
strict,COG_056,COG_064,True,True,True
strict,COG_056,COG_067,True,True,False
strict,COG_056,COG_068,False,True,True
strict,COG_056,COG_073,False,True,False
strict,COG_056,COG_074,False,True,False
strict,COG_056,COG_076,True,True,True
strict,COG_056,COG_080,True,True,True
strict,COG_057,COG_060,False,False,False
strict,COG_057,COG_062,False,False,False
strict,COG_057,COG_063,False,False,False
strict,COG_057,COG_064,False,False,False
strict,COG_057,COG_067,False,False,False
strict,COG_057,COG_068,False,False,False
strict,COG_057,COG_073,False,False,False
strict,COG_057,COG_074,False,False,False
strict,COG_057,COG_076,False,False,False
strict,COG_057,COG_080,False,False,False
strict,COG_060,COG_062,False,True,True
strict,COG_060,COG_063,False,True,True
strict,COG_060,COG_064,True,True,True
strict,COG_060,COG_067,True,True,False
strict,COG_060,COG_068,False,True,True
strict,COG_060,COG_073,False,True,False
strict,COG_060,COG_074,False,True,False
strict,COG_060,COG_076,True,True,True
strict,COG_060,COG_080,True,True,True
strict,COG_062,COG_063,True,True,True
strict,COG_062,COG_064,False,True,True
strict,COG_062,COG_067,False,True,False
strict,COG_062,COG_068,True,True,True
strict,COG_062,COG_073,False,True,False
strict,COG_062,COG_074,False,True,False
strict,COG_062,COG_076,False,True,True
strict,COG_062,COG_080,False,True,True
strict,COG_063,COG_064,False,True,True
strict,COG_063,COG_067,False,True,False
strict,COG_063,COG_068,True,True,True
strict,COG_063,COG_073,False,True,False
strict,COG_063,COG_074,False,True,False
strict,COG_063,COG_076,False,True,True
strict,COG_063,COG_080,False,True,True
strict,COG_064,COG_067,True,True,False
strict,COG_064,COG_068,False,True,True
strict,COG_064,COG_073,False,True,False
strict,COG_064,COG_074,False,True,False
strict,COG_064,COG_076,True,True,True
strict,COG_064,COG_080,True,True,True
strict,COG_067,COG_068,False,True,False
strict,COG_067,COG_073,False,True,False
strict,COG_067,COG_074,False,True,False
strict,COG_067,COG_076,True,True,False
strict,COG_067,COG_080,True,True,False
strict,COG_068,COG_073,False,True,False
strict,COG_068,COG_074,False,True,False
strict,COG_068,COG_076,False,True,True
strict,COG_068,COG_080,False,True,True
strict,COG_073,COG_074,True,True,True
strict,COG_073,COG_076,False,True,False
strict,COG_073,COG_080,False,True,False
strict,COG_074,COG_076,False,True,False
strict,COG_074,COG_080,False,True,False
strict,COG_076,COG_080,True,True,True
any_factor,COG_009,COG_010,True,True,True
any_factor,COG_009,COG_011,True,False,True
any_factor,COG_009,COG_012,True,True,True
any_factor,COG_009,COG_014,False,False,False
any_factor,COG_009,COG_021,False,True,False
any_factor,COG_009,COG_022,False,False,False
any_factor,COG_009,COG_024,False,False,True
any_factor,COG_009,COG_026,True,False,True
any_factor,COG_009,COG_028,False,False,False
any_factor,COG_009,COG_032,False,False,False
any_factor,COG_009,COG_034,False,False,False
any_factor,COG_009,COG_035,False,False,False
any_factor,COG_009,COG_037,False,False,False
any_factor,COG_009,COG_040,False,False,False
any_factor,COG_009,COG_041,True,False,True
any_factor,COG_009,COG_042,False,False,False
any_factor,COG_009,COG_043,False,False,False
any_factor,COG_009,COG_048,False,False,False
any_factor,COG_009,COG_049,False,False,False
any_factor,COG_009,COG_051,False,False,False
any_factor,COG_009,COG_053,False,False,False
any_factor,COG_009,COG_056,False,False,False
any_factor,COG_009,COG_057,False,False,False
any_factor,COG_009,COG_060,False,False,False
any_factor,COG_009,COG_062,False,False,False
any_factor,COG_009,COG_063,False,False,False
any_factor,COG_009,COG_064,False,False,False
any_factor,COG_009,COG_067,False,False,True
any_factor,COG_009,COG_068,False,False,False
any_factor,COG_009,COG_073,False,False,False
any_factor,COG_009,COG_074,False,False,False
any_factor,COG_009,COG_076,False,False,False
any_factor,COG_009,COG_080,False,False,False
any_factor,COG_010,COG_011,True,False,True
any_factor,COG_010,COG_012,True,True,True
any_factor,COG_010,COG_014,False,False,False
any_factor,COG_010,COG_021,False,True,False
any_factor,COG_010,COG_022,False,False,False
any_factor,COG_010,COG_024,False,False,True
any_factor,COG_010,COG_026,True,False,True
any_factor,COG_010,COG_028,False,False,False
any_factor,COG_010,COG_032,False,False,False
any_factor,COG_010,COG_034,False,False,False
any_factor,COG_010,COG_035,False,False,False
any_factor,COG_010,COG_037,False,False,False
any_factor,COG_010,COG_040,False,False,False
any_factor,COG_010,COG_041,True,False,True
any_factor,COG_010,COG_042,False,False,False
any_factor,COG_010,COG_043,False,False,False
any_factor,COG_010,COG_048,False,False,False
any_factor,COG_010,COG_049,False,False,False
any_factor,COG_010,COG_051,False,False,False
any_factor,COG_010,COG_053,False,False,False
any_factor,COG_010,COG_056,False,False,False
any_factor,COG_010,COG_057,False,False,False
any_factor,COG_010,COG_060,False,False,False
any_factor,COG_010,COG_062,False,False,False
any_factor,COG_010,COG_063,False,False,False
any_factor,COG_010,COG_064,False,False,False
any_factor,COG_010,COG_067,False,False,True
any_factor,COG_010,COG_068,False,False,False
any_factor,COG_010,COG_073,False,False,False
any_factor,COG_010,COG_074,False,False,False
any_factor,COG_010,COG_076,False,False,False
any_factor,COG_010,COG_080,False,False,False
any_factor,COG_011,COG_012,True,False,True
any_factor,COG_011,COG_014,False,True,False
any_factor,COG_011,COG_021,False,False,False
any_factor,COG_011,COG_022,False,True,False
any_factor,COG_011,COG_024,False,False,True
any_factor,COG_011,COG_026,True,False,True
any_factor,COG_011,COG_028,False,False,False
any_factor,COG_011,COG_032,False,False,False
any_factor,COG_011,COG_034,False,True,False
any_factor,COG_011,COG_035,False,False,False
any_factor,COG_011,COG_037,False,False,False
any_factor,COG_011,COG_040,False,False,False
any_factor,COG_011,COG_041,True,False,True
any_factor,COG_011,COG_042,False,False,False
any_factor,COG_011,COG_043,False,False,False
any_factor,COG_011,COG_048,False,False,False
any_factor,COG_011,COG_049,False,False,False
any_factor,COG_011,COG_051,False,False,False
any_factor,COG_011,COG_053,False,False,False
any_factor,COG_011,COG_056,False,False,False
any_factor,COG_011,COG_057,False,False,False
any_factor,COG_011,COG_060,False,False,False
any_factor,COG_011,COG_062,False,False,False
any_factor,COG_011,COG_063,False,False,False
any_factor,COG_011,COG_064,False,False,False
any_factor,COG_011,COG_067,False,False,True
any_factor,COG_011,COG_068,False,False,False
any_factor,COG_011,COG_073,False,False,False
any_factor,COG_011,COG_074,False,False,False
any_factor,COG_011,COG_076,False,False,False
any_factor,COG_011,COG_080,False,False,False
any_factor,COG_012,COG_014,False,False,False
any_factor,COG_012,COG_021,False,True,False
any_factor,COG_012,COG_022,False,False,False
any_factor,COG_012,COG_024,False,False,True
any_factor,COG_012,COG_026,True,False,True
any_factor,COG_012,COG_028,False,False,False
any_factor,COG_012,COG_032,False,False,False
any_factor,COG_012,COG_034,False,False,False
any_factor,COG_012,COG_035,False,False,False
any_factor,COG_012,COG_037,False,False,False
any_factor,COG_012,COG_040,False,False,False
any_factor,COG_012,COG_041,True,False,True
any_factor,COG_012,COG_042,False,False,False
any_factor,COG_012,COG_043,False,False,False
any_factor,COG_012,COG_048,False,False,False
any_factor,COG_012,COG_049,False,False,False
any_factor,COG_012,COG_051,False,False,False
any_factor,COG_012,COG_053,False,False,False
any_factor,COG_012,COG_056,False,False,False
any_factor,COG_012,COG_057,False,False,False
any_factor,COG_012,COG_060,False,False,False
any_factor,COG_012,COG_062,False,False,False
any_factor,COG_012,COG_063,False,False,False
any_factor,COG_012,COG_064,False,False,False
any_factor,COG_012,COG_067,False,False,True
any_factor,COG_012,COG_068,False,False,False
any_factor,COG_012,COG_073,False,False,False
any_factor,COG_012,COG_074,False,False,False
any_factor,COG_012,COG_076,False,False,False
any_factor,COG_012,COG_080,False,False,False
any_factor,COG_014,COG_021,False,False,False
any_factor,COG_014,COG_022,True,True,True
any_factor,COG_014,COG_024,False,False,False
any_factor,COG_014,COG_026,False,False,False
any_factor,COG_014,COG_028,False,False,False
any_factor,COG_014,COG_032,False,False,False
any_factor,COG_014,COG_034,False,True,True
any_factor,COG_014,COG_035,True,False,False
any_factor,COG_014,COG_037,False,False,False
any_factor,COG_014,COG_040,False,False,False
any_factor,COG_014,COG_041,False,False,False
any_factor,COG_014,COG_042,False,False,False
any_factor,COG_014,COG_043,False,False,False
any_factor,COG_014,COG_048,True,False,True
any_factor,COG_014,COG_049,False,False,False
any_factor,COG_014,COG_051,False,False,False
any_factor,COG_014,COG_053,False,False,False
any_factor,COG_014,COG_056,False,False,False
any_factor,COG_014,COG_057,True,False,True
any_factor,COG_014,COG_060,False,False,False
any_factor,COG_014,COG_062,False,False,False
any_factor,COG_014,COG_063,False,False,False
any_factor,COG_014,COG_064,False,False,False
any_factor,COG_014,COG_067,False,False,False
any_factor,COG_014,COG_068,False,False,False
any_factor,COG_014,COG_073,False,False,False
any_factor,COG_014,COG_074,False,False,False
any_factor,COG_014,COG_076,False,False,False
any_factor,COG_014,COG_080,False,False,False
any_factor,COG_021,COG_022,False,False,False
any_factor,COG_021,COG_024,True,False,False
any_factor,COG_021,COG_026,False,False,False
any_factor,COG_021,COG_028,True,False,True
any_factor,COG_021,COG_032,True,False,True
any_factor,COG_021,COG_034,False,False,False
any_factor,COG_021,COG_035,False,False,False
any_factor,COG_021,COG_037,True,False,True
any_factor,COG_021,COG_040,False,False,False
any_factor,COG_021,COG_041,False,False,False
any_factor,COG_021,COG_042,True,False,True
any_factor,COG_021,COG_043,False,False,False
any_factor,COG_021,COG_048,False,False,False
any_factor,COG_021,COG_049,False,False,False
any_factor,COG_021,COG_051,False,False,False
any_factor,COG_021,COG_053,False,False,False
any_factor,COG_021,COG_056,True,False,False
any_factor,COG_021,COG_057,False,False,False
any_factor,COG_021,COG_060,True,False,False
any_factor,COG_021,COG_062,False,False,False
any_factor,COG_021,COG_063,False,False,False
any_factor,COG_021,COG_064,True,False,False
any_factor,COG_021,COG_067,True,False,False
any_factor,COG_021,COG_068,False,False,False
any_factor,COG_021,COG_073,False,False,False
any_factor,COG_021,COG_074,False,False,False
any_factor,COG_021,COG_076,True,False,False
any_factor,COG_021,COG_080,True,False,False
any_factor,COG_022,COG_024,False,False,False
any_factor,COG_022,COG_026,False,False,False
any_factor,COG_022,COG_028,False,False,False
any_factor,COG_022,COG_032,False,False,False
any_factor,COG_022,COG_034,False,True,True
any_factor,COG_022,COG_035,True,False,False
any_factor,COG_022,COG_037,False,False,False
any_factor,COG_022,COG_040,False,False,False
any_factor,COG_022,COG_041,False,False,False
any_factor,COG_022,COG_042,False,False,False
any_factor,COG_022,COG_043,False,False,False
any_factor,COG_022,COG_048,True,False,True
any_factor,COG_022,COG_049,False,False,False
any_factor,COG_022,COG_051,False,False,False
any_factor,COG_022,COG_053,False,False,False
any_factor,COG_022,COG_056,False,False,False
any_factor,COG_022,COG_057,True,False,True
any_factor,COG_022,COG_060,False,False,False
any_factor,COG_022,COG_062,False,False,False
any_factor,COG_022,COG_063,False,False,False
any_factor,COG_022,COG_064,False,False,False
any_factor,COG_022,COG_067,False,False,False
any_factor,COG_022,COG_068,False,False,False
any_factor,COG_022,COG_073,False,False,False
any_factor,COG_022,COG_074,False,False,False
any_factor,COG_022,COG_076,False,False,False
any_factor,COG_022,COG_080,False,False,False
any_factor,COG_024,COG_026,False,True,True
any_factor,COG_024,COG_028,True,True,False
any_factor,COG_024,COG_032,True,True,False
any_factor,COG_024,COG_034,False,False,False
any_factor,COG_024,COG_035,False,False,False
any_factor,COG_024,COG_037,True,True,False
any_factor,COG_024,COG_040,False,False,False
any_factor,COG_024,COG_041,False,False,True
any_factor,COG_024,COG_042,True,True,False
any_factor,COG_024,COG_043,False,False,False
any_factor,COG_024,COG_048,False,False,False
any_factor,COG_024,COG_049,False,False,False
any_factor,COG_024,COG_051,False,False,False
any_factor,COG_024,COG_053,False,False,False
any_factor,COG_024,COG_056,True,False,False
any_factor,COG_024,COG_057,False,False,False
any_factor,COG_024,COG_060,True,False,False
any_factor,COG_024,COG_062,False,False,False
any_factor,COG_024,COG_063,False,False,False
any_factor,COG_024,COG_064,True,False,False
any_factor,COG_024,COG_067,True,False,True
any_factor,COG_024,COG_068,False,False,False
any_factor,COG_024,COG_073,False,False,False
any_factor,COG_024,COG_074,False,False,False
any_factor,COG_024,COG_076,True,False,False
any_factor,COG_024,COG_080,True,False,False
any_factor,COG_026,COG_028,False,True,False
any_factor,COG_026,COG_032,False,True,False
any_factor,COG_026,COG_034,False,False,False
any_factor,COG_026,COG_035,False,False,False
any_factor,COG_026,COG_037,False,True,False
any_factor,COG_026,COG_040,False,False,False
any_factor,COG_026,COG_041,True,False,True
any_factor,COG_026,COG_042,False,True,False
any_factor,COG_026,COG_043,False,False,False
any_factor,COG_026,COG_048,False,False,False
any_factor,COG_026,COG_049,False,False,False
any_factor,COG_026,COG_051,False,False,False
any_factor,COG_026,COG_053,False,False,False
any_factor,COG_026,COG_056,False,False,False
any_factor,COG_026,COG_057,False,False,False
any_factor,COG_026,COG_060,False,False,False
any_factor,COG_026,COG_062,False,False,False
any_factor,COG_026,COG_063,False,False,False
any_factor,COG_026,COG_064,False,False,False
any_factor,COG_026,COG_067,False,False,True
any_factor,COG_026,COG_068,False,False,False
any_factor,COG_026,COG_073,False,False,False
any_factor,COG_026,COG_074,False,False,False
any_factor,COG_026,COG_076,False,False,False
any_factor,COG_026,COG_080,False,False,False
any_factor,COG_028,COG_032,True,True,True
any_factor,COG_028,COG_034,False,False,False
any_factor,COG_028,COG_035,False,False,False
any_factor,COG_028,COG_037,True,True,True
any_factor,COG_028,COG_040,False,False,False
any_factor,COG_028,COG_041,False,False,False
any_factor,COG_028,COG_042,True,True,True
any_factor,COG_028,COG_043,False,False,False
any_factor,COG_028,COG_048,False,False,False
any_factor,COG_028,COG_049,False,False,False
any_factor,COG_028,COG_051,False,False,False
any_factor,COG_028,COG_053,False,False,False
any_factor,COG_028,COG_056,True,False,False
any_factor,COG_028,COG_057,False,False,False
any_factor,COG_028,COG_060,True,False,False
any_factor,COG_028,COG_062,False,False,False
any_factor,COG_028,COG_063,False,False,False
any_factor,COG_028,COG_064,True,False,False
any_factor,COG_028,COG_067,True,False,False
any_factor,COG_028,COG_068,False,False,False
any_factor,COG_028,COG_073,False,False,False
any_factor,COG_028,COG_074,False,False,False
any_factor,COG_028,COG_076,True,False,False
any_factor,COG_028,COG_080,True,False,False
any_factor,COG_032,COG_034,False,False,False
any_factor,COG_032,COG_035,False,False,False
any_factor,COG_032,COG_037,True,True,True
any_factor,COG_032,COG_040,False,False,False
any_factor,COG_032,COG_041,False,False,False
any_factor,COG_032,COG_042,True,True,True
any_factor,COG_032,COG_043,False,False,False
any_factor,COG_032,COG_048,False,False,False
any_factor,COG_032,COG_049,False,False,False
any_factor,COG_032,COG_051,False,False,False
any_factor,COG_032,COG_053,False,False,False
any_factor,COG_032,COG_056,True,False,False
any_factor,COG_032,COG_057,False,False,False
any_factor,COG_032,COG_060,True,False,False
any_factor,COG_032,COG_062,False,False,False
any_factor,COG_032,COG_063,False,False,False
any_factor,COG_032,COG_064,True,False,False
any_factor,COG_032,COG_067,True,False,False
any_factor,COG_032,COG_068,False,False,False
any_factor,COG_032,COG_073,False,False,False
any_factor,COG_032,COG_074,False,False,False
any_factor,COG_032,COG_076,True,False,False
any_factor,COG_032,COG_080,True,False,False
any_factor,COG_034,COG_035,True,False,False
any_factor,COG_034,COG_037,False,False,False
any_factor,COG_034,COG_040,True,False,False
any_factor,COG_034,COG_041,False,False,False
any_factor,COG_034,COG_042,False,False,False
any_factor,COG_034,COG_043,True,False,False
any_factor,COG_034,COG_048,False,False,True
any_factor,COG_034,COG_049,True,False,False
any_factor,COG_034,COG_051,True,False,False
any_factor,COG_034,COG_053,True,False,False
any_factor,COG_034,COG_056,False,False,False
any_factor,COG_034,COG_057,False,False,True
any_factor,COG_034,COG_060,False,False,False
any_factor,COG_034,COG_062,False,False,False
any_factor,COG_034,COG_063,False,False,False
any_factor,COG_034,COG_064,False,False,False
any_factor,COG_034,COG_067,False,False,False
any_factor,COG_034,COG_068,False,False,False
any_factor,COG_034,COG_073,True,False,False
any_factor,COG_034,COG_074,True,False,False
any_factor,COG_034,COG_076,False,False,False
any_factor,COG_034,COG_080,False,False,False
any_factor,COG_035,COG_037,False,False,False
any_factor,COG_035,COG_040,True,True,True
any_factor,COG_035,COG_041,False,True,False
any_factor,COG_035,COG_042,False,False,False
any_factor,COG_035,COG_043,True,True,True
any_factor,COG_035,COG_048,True,True,False
any_factor,COG_035,COG_049,True,True,True
any_factor,COG_035,COG_051,True,True,True
any_factor,COG_035,COG_053,True,True,True
any_factor,COG_035,COG_056,False,False,False
any_factor,COG_035,COG_057,True,True,False
any_factor,COG_035,COG_060,False,False,False
any_factor,COG_035,COG_062,False,False,False
any_factor,COG_035,COG_063,False,False,False
any_factor,COG_035,COG_064,False,False,False
any_factor,COG_035,COG_067,False,False,False
any_factor,COG_035,COG_068,False,False,False
any_factor,COG_035,COG_073,True,False,True
any_factor,COG_035,COG_074,True,False,True
any_factor,COG_035,COG_076,False,False,False
any_factor,COG_035,COG_080,False,False,False
any_factor,COG_037,COG_040,False,False,False
any_factor,COG_037,COG_041,False,False,False
any_factor,COG_037,COG_042,True,True,True
any_factor,COG_037,COG_043,False,False,False
any_factor,COG_037,COG_048,False,False,False
any_factor,COG_037,COG_049,False,False,False
any_factor,COG_037,COG_051,False,False,False
any_factor,COG_037,COG_053,False,False,False
any_factor,COG_037,COG_056,True,False,False
any_factor,COG_037,COG_057,False,False,False
any_factor,COG_037,COG_060,True,False,False
any_factor,COG_037,COG_062,False,False,False
any_factor,COG_037,COG_063,False,False,False
any_factor,COG_037,COG_064,True,False,False
any_factor,COG_037,COG_067,True,False,False
any_factor,COG_037,COG_068,False,False,False
any_factor,COG_037,COG_073,False,False,False
any_factor,COG_037,COG_074,False,False,False
any_factor,COG_037,COG_076,True,False,False
any_factor,COG_037,COG_080,True,False,False
any_factor,COG_040,COG_041,False,True,False
any_factor,COG_040,COG_042,False,False,False
any_factor,COG_040,COG_043,True,True,True
any_factor,COG_040,COG_048,False,True,False
any_factor,COG_040,COG_049,True,True,True
any_factor,COG_040,COG_051,True,True,True
any_factor,COG_040,COG_053,True,True,True
any_factor,COG_040,COG_056,False,False,False
any_factor,COG_040,COG_057,False,True,False
any_factor,COG_040,COG_060,False,False,False
any_factor,COG_040,COG_062,False,False,False
any_factor,COG_040,COG_063,False,False,False
any_factor,COG_040,COG_064,False,False,False
any_factor,COG_040,COG_067,False,False,False
any_factor,COG_040,COG_068,False,False,False
any_factor,COG_040,COG_073,True,False,True
any_factor,COG_040,COG_074,True,False,True
any_factor,COG_040,COG_076,False,False,False
any_factor,COG_040,COG_080,False,False,False
any_factor,COG_041,COG_042,False,False,False
any_factor,COG_041,COG_043,False,True,False
any_factor,COG_041,COG_048,False,True,False
any_factor,COG_041,COG_049,False,True,False
any_factor,COG_041,COG_051,False,True,False
any_factor,COG_041,COG_053,False,True,False
any_factor,COG_041,COG_056,False,False,False
any_factor,COG_041,COG_057,False,True,False
any_factor,COG_041,COG_060,False,False,False
any_factor,COG_041,COG_062,False,False,False
any_factor,COG_041,COG_063,False,False,False
any_factor,COG_041,COG_064,False,False,False
any_factor,COG_041,COG_067,False,False,True
any_factor,COG_041,COG_068,False,False,False
any_factor,COG_041,COG_073,False,False,False
any_factor,COG_041,COG_074,False,False,False
any_factor,COG_041,COG_076,False,False,False
any_factor,COG_041,COG_080,False,False,False
any_factor,COG_042,COG_043,False,False,False
any_factor,COG_042,COG_048,False,False,False
any_factor,COG_042,COG_049,False,False,False
any_factor,COG_042,COG_051,False,False,False
any_factor,COG_042,COG_053,False,False,False
any_factor,COG_042,COG_056,True,False,False
any_factor,COG_042,COG_057,False,False,False
any_factor,COG_042,COG_060,True,False,False
any_factor,COG_042,COG_062,False,False,False
any_factor,COG_042,COG_063,False,False,False
any_factor,COG_042,COG_064,True,False,False
any_factor,COG_042,COG_067,True,False,False
any_factor,COG_042,COG_068,False,False,False
any_factor,COG_042,COG_073,False,False,False
any_factor,COG_042,COG_074,False,False,False
any_factor,COG_042,COG_076,True,False,False
any_factor,COG_042,COG_080,True,False,False
any_factor,COG_043,COG_048,False,True,False
any_factor,COG_043,COG_049,True,True,True
any_factor,COG_043,COG_051,True,True,True
any_factor,COG_043,COG_053,True,True,True
any_factor,COG_043,COG_056,False,False,False
any_factor,COG_043,COG_057,False,True,False
any_factor,COG_043,COG_060,False,False,False
any_factor,COG_043,COG_062,False,False,False
any_factor,COG_043,COG_063,False,False,False
any_factor,COG_043,COG_064,False,False,False
any_factor,COG_043,COG_067,False,False,False
any_factor,COG_043,COG_068,False,False,False
any_factor,COG_043,COG_073,True,False,True
any_factor,COG_043,COG_074,True,False,True
any_factor,COG_043,COG_076,False,False,False
any_factor,COG_043,COG_080,False,False,False
any_factor,COG_048,COG_049,False,True,False
any_factor,COG_048,COG_051,True,True,False
any_factor,COG_048,COG_053,False,True,False
any_factor,COG_048,COG_056,False,False,False
any_factor,COG_048,COG_057,True,True,True
any_factor,COG_048,COG_060,False,False,False
any_factor,COG_048,COG_062,True,False,False
any_factor,COG_048,COG_063,True,False,False
any_factor,COG_048,COG_064,False,False,False
any_factor,COG_048,COG_067,False,False,False
any_factor,COG_048,COG_068,True,False,False
any_factor,COG_048,COG_073,False,False,False
any_factor,COG_048,COG_074,False,False,False
any_factor,COG_048,COG_076,False,False,False
any_factor,COG_048,COG_080,False,False,False
any_factor,COG_049,COG_051,True,True,True
any_factor,COG_049,COG_053,True,True,True
any_factor,COG_049,COG_056,False,False,False
any_factor,COG_049,COG_057,False,True,False
any_factor,COG_049,COG_060,False,False,False
any_factor,COG_049,COG_062,False,False,False
any_factor,COG_049,COG_063,False,False,False
any_factor,COG_049,COG_064,False,False,False
any_factor,COG_049,COG_067,False,False,False
any_factor,COG_049,COG_068,False,False,False
any_factor,COG_049,COG_073,True,False,True
any_factor,COG_049,COG_074,True,False,True
any_factor,COG_049,COG_076,False,False,False
any_factor,COG_049,COG_080,False,False,False
any_factor,COG_051,COG_053,True,True,True
any_factor,COG_051,COG_056,False,False,False
any_factor,COG_051,COG_057,False,True,False
any_factor,COG_051,COG_060,False,False,False
any_factor,COG_051,COG_062,True,False,False
any_factor,COG_051,COG_063,True,False,False
any_factor,COG_051,COG_064,False,False,False
any_factor,COG_051,COG_067,False,False,False
any_factor,COG_051,COG_068,True,False,False
any_factor,COG_051,COG_073,True,False,True
any_factor,COG_051,COG_074,True,False,True
any_factor,COG_051,COG_076,False,False,False
any_factor,COG_051,COG_080,False,False,False
any_factor,COG_053,COG_056,False,False,False
any_factor,COG_053,COG_057,False,True,False
any_factor,COG_053,COG_060,False,False,False
any_factor,COG_053,COG_062,False,False,False
any_factor,COG_053,COG_063,False,False,False
any_factor,COG_053,COG_064,False,False,False
any_factor,COG_053,COG_067,False,False,False
any_factor,COG_053,COG_068,False,False,False
any_factor,COG_053,COG_073,True,False,True
any_factor,COG_053,COG_074,True,False,True
any_factor,COG_053,COG_076,False,False,False
any_factor,COG_053,COG_080,False,False,False
any_factor,COG_056,COG_057,False,False,False
any_factor,COG_056,COG_060,True,True,True
any_factor,COG_056,COG_062,False,True,True
any_factor,COG_056,COG_063,False,True,True
any_factor,COG_056,COG_064,True,True,True
any_factor,COG_056,COG_067,True,True,False
any_factor,COG_056,COG_068,False,True,True
any_factor,COG_056,COG_073,False,True,False
any_factor,COG_056,COG_074,False,True,False
any_factor,COG_056,COG_076,True,True,True
any_factor,COG_056,COG_080,True,True,True
any_factor,COG_057,COG_060,False,False,False
any_factor,COG_057,COG_062,False,False,False
any_factor,COG_057,COG_063,False,False,False
any_factor,COG_057,COG_064,False,False,False
any_factor,COG_057,COG_067,False,False,False
any_factor,COG_057,COG_068,False,False,False
any_factor,COG_057,COG_073,False,False,False
any_factor,COG_057,COG_074,False,False,False
any_factor,COG_057,COG_076,False,False,False
any_factor,COG_057,COG_080,False,False,False
any_factor,COG_060,COG_062,False,True,True
any_factor,COG_060,COG_063,False,True,True
any_factor,COG_060,COG_064,True,True,True
any_factor,COG_060,COG_067,True,True,False
any_factor,COG_060,COG_068,False,True,True
any_factor,COG_060,COG_073,False,True,False
any_factor,COG_060,COG_074,False,True,False
any_factor,COG_060,COG_076,True,True,True
any_factor,COG_060,COG_080,True,True,True
any_factor,COG_062,COG_063,True,True,True
any_factor,COG_062,COG_064,False,True,True
any_factor,COG_062,COG_067,False,True,False
any_factor,COG_062,COG_068,True,True,True
any_factor,COG_062,COG_073,False,True,False
any_factor,COG_062,COG_074,False,True,False
any_factor,COG_062,COG_076,False,True,True
any_factor,COG_062,COG_080,False,True,True
any_factor,COG_063,COG_064,False,True,True
any_factor,COG_063,COG_067,False,True,False
any_factor,COG_063,COG_068,True,True,True
any_factor,COG_063,COG_073,False,True,False
any_factor,COG_063,COG_074,False,True,False
any_factor,COG_063,COG_076,False,True,True
any_factor,COG_063,COG_080,False,True,True
any_factor,COG_064,COG_067,True,True,False
any_factor,COG_064,COG_068,False,True,True
any_factor,COG_064,COG_073,False,True,False
any_factor,COG_064,COG_074,False,True,False
any_factor,COG_064,COG_076,True,True,True
any_factor,COG_064,COG_080,True,True,True
any_factor,COG_067,COG_068,False,True,False
any_factor,COG_067,COG_073,False,True,False
any_factor,COG_067,COG_074,False,True,False
any_factor,COG_067,COG_076,True,True,False
any_factor,COG_067,COG_080,True,True,False
any_factor,COG_068,COG_073,False,True,False
any_factor,COG_068,COG_074,False,True,False
any_factor,COG_068,COG_076,False,True,True
any_factor,COG_068,COG_080,False,True,True
any_factor,COG_073,COG_074,True,True,True
any_factor,COG_073,COG_076,False,True,False
any_factor,COG_073,COG_080,False,True,False
any_factor,COG_074,COG_076,False,True,False
any_factor,COG_074,COG_080,False,True,False
any_factor,COG_076,COG_080,True,True,True
primary,COG_009,COG_010,True,True,True
primary,COG_009,COG_011,True,False,True
primary,COG_009,COG_012,True,True,True
primary,COG_009,COG_014,False,False,False
primary,COG_009,COG_021,False,True,False
primary,COG_009,COG_022,False,False,False
primary,COG_009,COG_024,False,False,True
primary,COG_009,COG_026,True,False,True
primary,COG_009,COG_028,False,False,False
primary,COG_009,COG_032,False,False,False
primary,COG_009,COG_034,False,False,False
primary,COG_009,COG_035,False,False,False
primary,COG_009,COG_037,False,False,False
primary,COG_009,COG_040,False,False,False
primary,COG_009,COG_041,True,False,True
primary,COG_009,COG_042,False,False,False
primary,COG_009,COG_043,False,False,False
primary,COG_009,COG_048,False,False,False
primary,COG_009,COG_049,False,False,False
primary,COG_009,COG_051,False,False,False
primary,COG_009,COG_053,False,False,False
primary,COG_009,COG_056,False,False,False
primary,COG_009,COG_057,False,False,False
primary,COG_009,COG_060,False,False,False
primary,COG_009,COG_062,False,False,False
primary,COG_009,COG_063,False,False,False
primary,COG_009,COG_064,False,False,False
primary,COG_009,COG_067,False,False,True
primary,COG_009,COG_068,False,False,False
primary,COG_009,COG_073,False,False,False
primary,COG_009,COG_074,False,False,False
primary,COG_009,COG_076,False,False,False
primary,COG_009,COG_080,False,False,False
primary,COG_010,COG_011,True,False,True
primary,COG_010,COG_012,True,True,True
primary,COG_010,COG_014,False,False,False
primary,COG_010,COG_021,False,True,False
primary,COG_010,COG_022,False,False,False
primary,COG_010,COG_024,False,False,True
primary,COG_010,COG_026,True,False,True
primary,COG_010,COG_028,False,False,False
primary,COG_010,COG_032,False,False,False
primary,COG_010,COG_034,False,False,False
primary,COG_010,COG_035,False,False,False
primary,COG_010,COG_037,False,False,False
primary,COG_010,COG_040,False,False,False
primary,COG_010,COG_041,True,False,True
primary,COG_010,COG_042,False,False,False
primary,COG_010,COG_043,False,False,False
primary,COG_010,COG_048,False,False,False
primary,COG_010,COG_049,False,False,False
primary,COG_010,COG_051,False,False,False
primary,COG_010,COG_053,False,False,False
primary,COG_010,COG_056,False,False,False
primary,COG_010,COG_057,False,False,False
primary,COG_010,COG_060,False,False,False
primary,COG_010,COG_062,False,False,False
primary,COG_010,COG_063,False,False,False
primary,COG_010,COG_064,False,False,False
primary,COG_010,COG_067,False,False,True
primary,COG_010,COG_068,False,False,False
primary,COG_010,COG_073,False,False,False
primary,COG_010,COG_074,False,False,False
primary,COG_010,COG_076,False,False,False
primary,COG_010,COG_080,False,False,False
primary,COG_011,COG_012,True,False,True
primary,COG_011,COG_014,False,True,False
primary,COG_011,COG_021,False,False,False
primary,COG_011,COG_022,False,True,False
primary,COG_011,COG_024,False,False,True
primary,COG_011,COG_026,True,False,True
primary,COG_011,COG_028,False,False,False
primary,COG_011,COG_032,False,False,False
primary,COG_011,COG_034,False,True,False
primary,COG_011,COG_035,False,False,False
primary,COG_011,COG_037,False,False,False
primary,COG_011,COG_040,False,False,False
primary,COG_011,COG_041,True,False,True
primary,COG_011,COG_042,False,False,False
primary,COG_011,COG_043,False,False,False
primary,COG_011,COG_048,False,False,False
primary,COG_011,COG_049,False,False,False
primary,COG_011,COG_051,False,False,False
primary,COG_011,COG_053,False,False,False
primary,COG_011,COG_056,False,False,False
primary,COG_011,COG_057,False,False,False
primary,COG_011,COG_060,False,False,False
primary,COG_011,COG_062,False,False,False
primary,COG_011,COG_063,False,False,False
primary,COG_011,COG_064,False,False,False
primary,COG_011,COG_067,False,False,True
primary,COG_011,COG_068,False,False,False
primary,COG_011,COG_073,False,False,False
primary,COG_011,COG_074,False,False,False
primary,COG_011,COG_076,False,False,False
primary,COG_011,COG_080,False,False,False
primary,COG_012,COG_014,False,False,False
primary,COG_012,COG_021,False,True,False
primary,COG_012,COG_022,False,False,False
primary,COG_012,COG_024,False,False,True
primary,COG_012,COG_026,True,False,True
primary,COG_012,COG_028,False,False,False
primary,COG_012,COG_032,False,False,False
primary,COG_012,COG_034,False,False,False
primary,COG_012,COG_035,False,False,False
primary,COG_012,COG_037,False,False,False
primary,COG_012,COG_040,False,False,False
primary,COG_012,COG_041,True,False,True
primary,COG_012,COG_042,False,False,False
primary,COG_012,COG_043,False,False,False
primary,COG_012,COG_048,False,False,False
primary,COG_012,COG_049,False,False,False
primary,COG_012,COG_051,False,False,False
primary,COG_012,COG_053,False,False,False
primary,COG_012,COG_056,False,False,False
primary,COG_012,COG_057,False,False,False
primary,COG_012,COG_060,False,False,False
primary,COG_012,COG_062,False,False,False
primary,COG_012,COG_063,False,False,False
primary,COG_012,COG_064,False,False,False
primary,COG_012,COG_067,False,False,True
primary,COG_012,COG_068,False,False,False
primary,COG_012,COG_073,False,False,False
primary,COG_012,COG_074,False,False,False
primary,COG_012,COG_076,False,False,False
primary,COG_012,COG_080,False,False,False
primary,COG_014,COG_021,False,False,False
primary,COG_014,COG_022,True,True,True
primary,COG_014,COG_024,False,False,False
primary,COG_014,COG_026,False,False,False
primary,COG_014,COG_028,False,False,False
primary,COG_014,COG_032,False,False,False
primary,COG_014,COG_034,False,True,True
primary,COG_014,COG_035,True,False,False
primary,COG_014,COG_037,False,False,False
primary,COG_014,COG_040,False,False,False
primary,COG_014,COG_041,False,False,False
primary,COG_014,COG_042,False,False,False
primary,COG_014,COG_043,False,False,False
primary,COG_014,COG_048,True,False,True
primary,COG_014,COG_049,False,False,False
primary,COG_014,COG_051,False,False,False
primary,COG_014,COG_053,False,False,False
primary,COG_014,COG_056,False,False,False
primary,COG_014,COG_057,True,False,True
primary,COG_014,COG_060,False,False,False
primary,COG_014,COG_062,False,False,False
primary,COG_014,COG_063,False,False,False
primary,COG_014,COG_064,False,False,False
primary,COG_014,COG_067,False,False,False
primary,COG_014,COG_068,False,False,False
primary,COG_014,COG_073,False,False,False
primary,COG_014,COG_074,False,False,False
primary,COG_014,COG_076,False,False,False
primary,COG_014,COG_080,False,False,False
primary,COG_021,COG_022,False,False,False
primary,COG_021,COG_024,True,False,False
primary,COG_021,COG_026,False,False,False
primary,COG_021,COG_028,True,False,True
primary,COG_021,COG_032,True,False,True
primary,COG_021,COG_034,False,False,False
primary,COG_021,COG_035,False,False,False
primary,COG_021,COG_037,True,False,True
primary,COG_021,COG_040,False,False,False
primary,COG_021,COG_041,False,False,False
primary,COG_021,COG_042,True,False,True
primary,COG_021,COG_043,False,False,False
primary,COG_021,COG_048,False,False,False
primary,COG_021,COG_049,False,False,False
primary,COG_021,COG_051,False,False,False
primary,COG_021,COG_053,False,False,False
primary,COG_021,COG_056,True,False,False
primary,COG_021,COG_057,False,False,False
primary,COG_021,COG_060,True,False,False
primary,COG_021,COG_062,False,False,False
primary,COG_021,COG_063,False,False,False
primary,COG_021,COG_064,True,False,False
primary,COG_021,COG_067,True,False,False
primary,COG_021,COG_068,False,False,False
primary,COG_021,COG_073,False,False,False
primary,COG_021,COG_074,False,False,False
primary,COG_021,COG_076,True,False,False
primary,COG_021,COG_080,True,False,False
primary,COG_022,COG_024,False,False,False
primary,COG_022,COG_026,False,False,False
primary,COG_022,COG_028,False,False,False
primary,COG_022,COG_032,False,False,False
primary,COG_022,COG_034,False,True,True
primary,COG_022,COG_035,True,False,False
primary,COG_022,COG_037,False,False,False
primary,COG_022,COG_040,False,False,False
primary,COG_022,COG_041,False,False,False
primary,COG_022,COG_042,False,False,False
primary,COG_022,COG_043,False,False,False
primary,COG_022,COG_048,True,False,True
primary,COG_022,COG_049,False,False,False
primary,COG_022,COG_051,False,False,False
primary,COG_022,COG_053,False,False,False
primary,COG_022,COG_056,False,False,False
primary,COG_022,COG_057,True,False,True
primary,COG_022,COG_060,False,False,False
primary,COG_022,COG_062,False,False,False
primary,COG_022,COG_063,False,False,False
primary,COG_022,COG_064,False,False,False
primary,COG_022,COG_067,False,False,False
primary,COG_022,COG_068,False,False,False
primary,COG_022,COG_073,False,False,False
primary,COG_022,COG_074,False,False,False
primary,COG_022,COG_076,False,False,False
primary,COG_022,COG_080,False,False,False
primary,COG_024,COG_026,False,True,True
primary,COG_024,COG_028,True,True,False
primary,COG_024,COG_032,True,True,False
primary,COG_024,COG_034,False,False,False
primary,COG_024,COG_035,False,False,False
primary,COG_024,COG_037,True,True,False
primary,COG_024,COG_040,False,False,False
primary,COG_024,COG_041,False,False,True
primary,COG_024,COG_042,True,True,False
primary,COG_024,COG_043,False,False,False
primary,COG_024,COG_048,False,False,False
primary,COG_024,COG_049,False,False,False
primary,COG_024,COG_051,False,False,False
primary,COG_024,COG_053,False,False,False
primary,COG_024,COG_056,True,False,False
primary,COG_024,COG_057,False,False,False
primary,COG_024,COG_060,True,False,False
primary,COG_024,COG_062,False,False,False
primary,COG_024,COG_063,False,False,False
primary,COG_024,COG_064,True,False,False
primary,COG_024,COG_067,True,False,True
primary,COG_024,COG_068,False,False,False
primary,COG_024,COG_073,False,False,False
primary,COG_024,COG_074,False,False,False
primary,COG_024,COG_076,True,False,False
primary,COG_024,COG_080,True,False,False
primary,COG_026,COG_028,False,True,False
primary,COG_026,COG_032,False,True,False
primary,COG_026,COG_034,False,False,False
primary,COG_026,COG_035,False,False,False
primary,COG_026,COG_037,False,True,False
primary,COG_026,COG_040,False,False,False
primary,COG_026,COG_041,True,False,True
primary,COG_026,COG_042,False,True,False
primary,COG_026,COG_043,False,False,False
primary,COG_026,COG_048,False,False,False
primary,COG_026,COG_049,False,False,False
primary,COG_026,COG_051,False,False,False
primary,COG_026,COG_053,False,False,False
primary,COG_026,COG_056,False,False,False
primary,COG_026,COG_057,False,False,False
primary,COG_026,COG_060,False,False,False
primary,COG_026,COG_062,False,False,False
primary,COG_026,COG_063,False,False,False
primary,COG_026,COG_064,False,False,False
primary,COG_026,COG_067,False,False,True
primary,COG_026,COG_068,False,False,False
primary,COG_026,COG_073,False,False,False
primary,COG_026,COG_074,False,False,False
primary,COG_026,COG_076,False,False,False
primary,COG_026,COG_080,False,False,False
primary,COG_028,COG_032,True,True,True
primary,COG_028,COG_034,False,False,False
primary,COG_028,COG_035,False,False,False
primary,COG_028,COG_037,True,True,True
primary,COG_028,COG_040,False,False,False
primary,COG_028,COG_041,False,False,False
primary,COG_028,COG_042,True,True,True
primary,COG_028,COG_043,False,False,False
primary,COG_028,COG_048,False,False,False
primary,COG_028,COG_049,False,False,False
primary,COG_028,COG_051,False,False,False
primary,COG_028,COG_053,False,False,False
primary,COG_028,COG_056,True,False,False
primary,COG_028,COG_057,False,False,False
primary,COG_028,COG_060,True,False,False
primary,COG_028,COG_062,False,False,False
primary,COG_028,COG_063,False,False,False
primary,COG_028,COG_064,True,False,False
primary,COG_028,COG_067,True,False,False
primary,COG_028,COG_068,False,False,False
primary,COG_028,COG_073,False,False,False
primary,COG_028,COG_074,False,False,False
primary,COG_028,COG_076,True,False,False
primary,COG_028,COG_080,True,False,False
primary,COG_032,COG_034,False,False,False
primary,COG_032,COG_035,False,False,False
primary,COG_032,COG_037,True,True,True
primary,COG_032,COG_040,False,False,False
primary,COG_032,COG_041,False,False,False
primary,COG_032,COG_042,True,True,True
primary,COG_032,COG_043,False,False,False
primary,COG_032,COG_048,False,False,False
primary,COG_032,COG_049,False,False,False
primary,COG_032,COG_051,False,False,False
primary,COG_032,COG_053,False,False,False
primary,COG_032,COG_056,True,False,False
primary,COG_032,COG_057,False,False,False
primary,COG_032,COG_060,True,False,False
primary,COG_032,COG_062,False,False,False
primary,COG_032,COG_063,False,False,False
primary,COG_032,COG_064,True,False,False
primary,COG_032,COG_067,True,False,False
primary,COG_032,COG_068,False,False,False
primary,COG_032,COG_073,False,False,False
primary,COG_032,COG_074,False,False,False
primary,COG_032,COG_076,True,False,False
primary,COG_032,COG_080,True,False,False
primary,COG_034,COG_035,False,False,False
primary,COG_034,COG_037,False,False,False
primary,COG_034,COG_040,True,False,False
primary,COG_034,COG_041,False,False,False
primary,COG_034,COG_042,False,False,False
primary,COG_034,COG_043,True,False,False
primary,COG_034,COG_048,False,False,True
primary,COG_034,COG_049,True,False,False
primary,COG_034,COG_051,True,False,False
primary,COG_034,COG_053,True,False,False
primary,COG_034,COG_056,False,False,False
primary,COG_034,COG_057,False,False,True
primary,COG_034,COG_060,False,False,False
primary,COG_034,COG_062,False,False,False
primary,COG_034,COG_063,False,False,False
primary,COG_034,COG_064,False,False,False
primary,COG_034,COG_067,False,False,False
primary,COG_034,COG_068,False,False,False
primary,COG_034,COG_073,True,False,False
primary,COG_034,COG_074,True,False,False
primary,COG_034,COG_076,False,False,False
primary,COG_034,COG_080,False,False,False
primary,COG_035,COG_037,False,False,False
primary,COG_035,COG_040,False,True,True
primary,COG_035,COG_041,False,True,False
primary,COG_035,COG_042,False,False,False
primary,COG_035,COG_043,False,True,True
primary,COG_035,COG_048,True,True,False
primary,COG_035,COG_049,False,True,True
primary,COG_035,COG_051,False,True,True
primary,COG_035,COG_053,False,True,True
primary,COG_035,COG_056,False,False,False
primary,COG_035,COG_057,True,True,False
primary,COG_035,COG_060,False,False,False
primary,COG_035,COG_062,False,False,False
primary,COG_035,COG_063,False,False,False
primary,COG_035,COG_064,False,False,False
primary,COG_035,COG_067,False,False,False
primary,COG_035,COG_068,False,False,False
primary,COG_035,COG_073,False,False,True
primary,COG_035,COG_074,False,False,True
primary,COG_035,COG_076,False,False,False
primary,COG_035,COG_080,False,False,False
primary,COG_037,COG_040,False,False,False
primary,COG_037,COG_041,False,False,False
primary,COG_037,COG_042,True,True,True
primary,COG_037,COG_043,False,False,False
primary,COG_037,COG_048,False,False,False
primary,COG_037,COG_049,False,False,False
primary,COG_037,COG_051,False,False,False
primary,COG_037,COG_053,False,False,False
primary,COG_037,COG_056,True,False,False
primary,COG_037,COG_057,False,False,False
primary,COG_037,COG_060,True,False,False
primary,COG_037,COG_062,False,False,False
primary,COG_037,COG_063,False,False,False
primary,COG_037,COG_064,True,False,False
primary,COG_037,COG_067,True,False,False
primary,COG_037,COG_068,False,False,False
primary,COG_037,COG_073,False,False,False
primary,COG_037,COG_074,False,False,False
primary,COG_037,COG_076,True,False,False
primary,COG_037,COG_080,True,False,False
primary,COG_040,COG_041,False,True,False
primary,COG_040,COG_042,False,False,False
primary,COG_040,COG_043,True,True,True
primary,COG_040,COG_048,False,True,False
primary,COG_040,COG_049,True,True,True
primary,COG_040,COG_051,True,True,True
primary,COG_040,COG_053,True,True,True
primary,COG_040,COG_056,False,False,False
primary,COG_040,COG_057,False,True,False
primary,COG_040,COG_060,False,False,False
primary,COG_040,COG_062,False,False,False
primary,COG_040,COG_063,False,False,False
primary,COG_040,COG_064,False,False,False
primary,COG_040,COG_067,False,False,False
primary,COG_040,COG_068,False,False,False
primary,COG_040,COG_073,True,False,True
primary,COG_040,COG_074,True,False,True
primary,COG_040,COG_076,False,False,False
primary,COG_040,COG_080,False,False,False
primary,COG_041,COG_042,False,False,False
primary,COG_041,COG_043,False,True,False
primary,COG_041,COG_048,False,True,False
primary,COG_041,COG_049,False,True,False
primary,COG_041,COG_051,False,True,False
primary,COG_041,COG_053,False,True,False
primary,COG_041,COG_056,False,False,False
primary,COG_041,COG_057,False,True,False
primary,COG_041,COG_060,False,False,False
primary,COG_041,COG_062,False,False,False
primary,COG_041,COG_063,False,False,False
primary,COG_041,COG_064,False,False,False
primary,COG_041,COG_067,False,False,True
primary,COG_041,COG_068,False,False,False
primary,COG_041,COG_073,False,False,False
primary,COG_041,COG_074,False,False,False
primary,COG_041,COG_076,False,False,False
primary,COG_041,COG_080,False,False,False
primary,COG_042,COG_043,False,False,False
primary,COG_042,COG_048,False,False,False
primary,COG_042,COG_049,False,False,False
primary,COG_042,COG_051,False,False,False
primary,COG_042,COG_053,False,False,False
primary,COG_042,COG_056,True,False,False
primary,COG_042,COG_057,False,False,False
primary,COG_042,COG_060,True,False,False
primary,COG_042,COG_062,False,False,False
primary,COG_042,COG_063,False,False,False
primary,COG_042,COG_064,True,False,False
primary,COG_042,COG_067,True,False,False
primary,COG_042,COG_068,False,False,False
primary,COG_042,COG_073,False,False,False
primary,COG_042,COG_074,False,False,False
primary,COG_042,COG_076,True,False,False
primary,COG_042,COG_080,True,False,False
primary,COG_043,COG_048,False,True,False
primary,COG_043,COG_049,True,True,True
primary,COG_043,COG_051,True,True,True
primary,COG_043,COG_053,True,True,True
primary,COG_043,COG_056,False,False,False
primary,COG_043,COG_057,False,True,False
primary,COG_043,COG_060,False,False,False
primary,COG_043,COG_062,False,False,False
primary,COG_043,COG_063,False,False,False
primary,COG_043,COG_064,False,False,False
primary,COG_043,COG_067,False,False,False
primary,COG_043,COG_068,False,False,False
primary,COG_043,COG_073,True,False,True
primary,COG_043,COG_074,True,False,True
primary,COG_043,COG_076,False,False,False
primary,COG_043,COG_080,False,False,False
primary,COG_048,COG_049,False,True,False
primary,COG_048,COG_051,False,True,False
primary,COG_048,COG_053,False,True,False
primary,COG_048,COG_056,False,False,False
primary,COG_048,COG_057,True,True,True
primary,COG_048,COG_060,False,False,False
primary,COG_048,COG_062,False,False,False
primary,COG_048,COG_063,False,False,False
primary,COG_048,COG_064,False,False,False
primary,COG_048,COG_067,False,False,False
primary,COG_048,COG_068,False,False,False
primary,COG_048,COG_073,False,False,False
primary,COG_048,COG_074,False,False,False
primary,COG_048,COG_076,False,False,False
primary,COG_048,COG_080,False,False,False
primary,COG_049,COG_051,True,True,True
primary,COG_049,COG_053,True,True,True
primary,COG_049,COG_056,False,False,False
primary,COG_049,COG_057,False,True,False
primary,COG_049,COG_060,False,False,False
primary,COG_049,COG_062,False,False,False
primary,COG_049,COG_063,False,False,False
primary,COG_049,COG_064,False,False,False
primary,COG_049,COG_067,False,False,False
primary,COG_049,COG_068,False,False,False
primary,COG_049,COG_073,True,False,True
primary,COG_049,COG_074,True,False,True
primary,COG_049,COG_076,False,False,False
primary,COG_049,COG_080,False,False,False
primary,COG_051,COG_053,True,True,True
primary,COG_051,COG_056,False,False,False
primary,COG_051,COG_057,False,True,False
primary,COG_051,COG_060,False,False,False
primary,COG_051,COG_062,False,False,False
primary,COG_051,COG_063,False,False,False
primary,COG_051,COG_064,False,False,False
primary,COG_051,COG_067,False,False,False
primary,COG_051,COG_068,False,False,False
primary,COG_051,COG_073,True,False,True
primary,COG_051,COG_074,True,False,True
primary,COG_051,COG_076,False,False,False
primary,COG_051,COG_080,False,False,False
primary,COG_053,COG_056,False,False,False
primary,COG_053,COG_057,False,True,False
primary,COG_053,COG_060,False,False,False
primary,COG_053,COG_062,False,False,False
primary,COG_053,COG_063,False,False,False
primary,COG_053,COG_064,False,False,False
primary,COG_053,COG_067,False,False,False
primary,COG_053,COG_068,False,False,False
primary,COG_053,COG_073,True,False,True
primary,COG_053,COG_074,True,False,True
primary,COG_053,COG_076,False,False,False
primary,COG_053,COG_080,False,False,False
primary,COG_056,COG_057,False,False,False
primary,COG_056,COG_060,True,True,True
primary,COG_056,COG_062,False,True,True
primary,COG_056,COG_063,False,True,True
primary,COG_056,COG_064,True,True,True
primary,COG_056,COG_067,True,True,False
primary,COG_056,COG_068,False,True,True
primary,COG_056,COG_073,False,True,False
primary,COG_056,COG_074,False,True,False
primary,COG_056,COG_076,True,True,True
primary,COG_056,COG_080,True,True,True
primary,COG_057,COG_060,False,False,False
primary,COG_057,COG_062,False,False,False
primary,COG_057,COG_063,False,False,False
primary,COG_057,COG_064,False,False,False
primary,COG_057,COG_067,False,False,False
primary,COG_057,COG_068,False,False,False
primary,COG_057,COG_073,False,False,False
primary,COG_057,COG_074,False,False,False
primary,COG_057,COG_076,False,False,False
primary,COG_057,COG_080,False,False,False
primary,COG_060,COG_062,False,True,True
primary,COG_060,COG_063,False,True,True
primary,COG_060,COG_064,True,True,True
primary,COG_060,COG_067,True,True,False
primary,COG_060,COG_068,False,True,True
primary,COG_060,COG_073,False,True,False
primary,COG_060,COG_074,False,True,False
primary,COG_060,COG_076,True,True,True
primary,COG_060,COG_080,True,True,True
primary,COG_062,COG_063,True,True,True
primary,COG_062,COG_064,False,True,True
primary,COG_062,COG_067,False,True,False
primary,COG_062,COG_068,True,True,True
primary,COG_062,COG_073,False,True,False
primary,COG_062,COG_074,False,True,False
primary,COG_062,COG_076,False,True,True
primary,COG_062,COG_080,False,True,True
primary,COG_063,COG_064,False,True,True
primary,COG_063,COG_067,False,True,False
primary,COG_063,COG_068,True,True,True
primary,COG_063,COG_073,False,True,False
primary,COG_063,COG_074,False,True,False
primary,COG_063,COG_076,False,True,True
primary,COG_063,COG_080,False,True,True
primary,COG_064,COG_067,True,True,False
primary,COG_064,COG_068,False,True,True
primary,COG_064,COG_073,False,True,False
primary,COG_064,COG_074,False,True,False
primary,COG_064,COG_076,True,True,True
primary,COG_064,COG_080,True,True,True
primary,COG_067,COG_068,False,True,False
primary,COG_067,COG_073,False,True,False
primary,COG_067,COG_074,False,True,False
primary,COG_067,COG_076,True,True,False
primary,COG_067,COG_080,True,True,False
primary,COG_068,COG_073,False,True,False
primary,COG_068,COG_074,False,True,False
primary,COG_068,COG_076,False,True,True
primary,COG_068,COG_080,False,True,True
primary,COG_073,COG_074,True,True,True
primary,COG_073,COG_076,False,True,False
primary,COG_073,COG_080,False,True,False
primary,COG_074,COG_076,False,True,False
primary,COG_074,COG_080,False,True,False
primary,COG_076,COG_080,True,True,True
