solution,focus_factor,comparison,other_factor,n_focus,n_other,pair_count,mean_cosine
theoretical,ATT,within,,22,,231,0.566250741481781
theoretical,ATT,between,WM,22,19.0,418,0.4507084786891937
theoretical,ATT,between,GDPS,22,23.0,506,0.45605215430259705
theoretical,ATT,between,FS,22,20.0,440,0.39467939734458923
theoretical,ATT,between,HOP,22,7.0,154,0.3015778660774231
theoretical,WM,within,,19,,171,0.5517004132270813
theoretical,WM,between,ATT,19,22.0,418,0.4507084786891937
theoretical,WM,between,GDPS,19,23.0,437,0.4291286766529083
theoretical,WM,between,FS,19,20.0,380,0.47766706347465515
theoretical,WM,between,HOP,19,7.0,133,0.4235181212425232
theoretical,GDPS,within,,23,,253,0.5185802578926086
theoretical,GDPS,between,ATT,23,22.0,506,0.45605212450027466
theoretical,GDPS,between,WM,23,19.0,437,0.4291286766529083
theoretical,GDPS,between,FS,23,20.0,460,0.48651358485221863
theoretical,GDPS,between,HOP,23,7.0,161,0.3275274932384491
theoretical,FS,within,,20,,190,0.6179893016815186
theoretical,FS,between,ATT,20,22.0,440,0.39467939734458923
theoretical,FS,between,WM,20,19.0,380,0.47766706347465515
theoretical,FS,between,GDPS,20,23.0,460,0.48651355504989624
theoretical,FS,between,HOP,20,7.0,140,0.4196673333644867
theoretical,HOP,within,,7,,21,0.6104799509048462
theoretical,HOP,between,ATT,7,22.0,154,0.3015778660774231
theoretical,HOP,between,WM,7,19.0,133,0.4235181510448456
theoretical,HOP,between,GDPS,7,23.0,161,0.3275274932384491
theoretical,HOP,between,FS,7,20.0,140,0.41966739296913147
