item_id,theoretical_factors,detected_abbrev
COG_033,ATT,GDPS
COG_016,ATT,FS
COG_015,ATT,WM
COG_011,ATT,WM
COG_082,FS,GDPS
COG_070,FS,GDPS
COG_069,FS,HOP
COG_066,FS,GDPS
COG_065,FS,HOP
COG_063,FS,GDPS
COG_061,FS,GDPS
COG_060,FS,GDPS
COG_058,FS,GDPS
COG_056,FS,GDPS
COG_055,FS,GDPS
COG_054,FS,GDPS
COG_062,FS,GDPS
COG_049,FS,GDPS
COG_047,FS,GDPS
COG_036,FS,GDPS
COG_035,FS,GDPS
COG_030,FS,GDPS
COG_051,FS,GDPS
COG_029,GDPS,FS
COG_031,GDPS,FS
COG_039,GDPS,FS
COG_041,GDPS,FS
COG_044,GDPS,FS
COG_028,GDPS,FS
COG_046,GDPS,FS
COG_048,GDPS,HOP
COG_052,GDPS,FS
COG_043,GDPS,FS
COG_026,GDPS,FS
COG_021,GDPS,FS
COG_023,GDPS,FS
COG_017,GDPS,FS
COG_067,GDPS,HOP
COG_053,GDPS,HOP
COG_071,GDPS,HOP
COG_024,GDPS,FS
COG_057,GDPS,FS
COG_077,HOP,WM
COG_075,HOP,WM
COG_074,HOP,WM
COG_073,HOP,WM
COG_072,HOP,WM
COG_091,HOP,GDPS
COG_078,HOP,GDPS
COG_090,WM,GDPS
COG_089,WM,GDPS
COG_086,WM,GDPS
COG_085,WM,GDPS
COG_079,WM,GDPS
COG_050,WM,FS
COG_045,WM,FS
COG_040,WM,FS
COG_034,WM,FS
COG_025,WM,FS
COG_013,WM,FS
