factor,item_id,item_title,std_loading,se,est_se,p_value
WM,COG040,Finds Hidden Object,0.436,0.063,6.876,0.0
WM,COG045,Finds Hidden Object (Reversed),0.517,0.045,11.602,0.0
WM,COG050,Finds Hidden Object (Visible Displacement),0.614,0.045,13.654,0.0
WM,COG064,Matches Pictures,0.976,0.051,19.32,0.0
GDPS,COG041,Suspends Ring,0.461,0.054,8.562,0.0
GDPS,COG043,Clear Box: Front,0.621,0.062,10.006,0.0
GDPS,COG044,Squeezes Object,0.577,0.066,8.726,0.0
GDPS,COG046,Removes Lid From Bottle,0.41,0.052,7.882,0.0
GDPS,COG048,Relational Play Series: Self,0.833,0.051,16.188,0.0
GDPS,COG052,Clear Box: Sides,0.594,0.046,12.87,0.0
GDPS,COG053,Relational Play Series: Others,0.699,0.038,18.167,0.0
GDPS,COG057,Uses Pencil to Obtain Object,0.485,0.063,7.705,0.0
FS,COG049,Pink Board Series: 1 Piece,0.829,0.03,27.476,0.0
FS,COG051,Blue Board Series: 1 Piece,0.799,0.041,19.499,0.0
FS,COG054,Block Series: 9 Blocks,0.433,0.044,9.939,0.0
FS,COG055,Pegboard Series: 6 Pegs,0.836,0.038,22.235,0.0
FS,COG056,Pink Board Series: Completes,0.93,0.015,62.403,0.0
FS,COG058,Blue Board Series: 4 Pieces,0.82,0.022,37.278,0.0
FS,COG060,Rotated Pink Board,0.909,0.015,59.842,0.0
FS,COG061,Object Assembly (Ball),0.815,0.025,32.052,0.0
FS,COG062,Completes Pegboard: 25 Seconds,0.649,0.042,15.425,0.0
FS,COG063,Object Assembly (Ice Cream Cone),0.835,0.031,26.956,0.0
FS,COG066,Blue Board Series: Completes (75 Seconds),0.952,0.019,50.293,0.0
