item_id,algorithmic_label,final_label,bottom_up_cluster,expert_1,expert_2,consensus
COG_011,ATT,ATT,WM,ATT,ATT,ATT
COG_015,ATT,ATT,WM,ATT,ATT,ATT
COG_016,ATT,ATT,FS,ATT,ATT,ATT
COG_033,GDPS,ATT,GDPS,ATT,ATT,ATT
COG_013,WM,WM,FS,WM,ATT,—
COG_025,WM,WM,FS,WM,ATT,—
COG_034,WM,WM,FS,WM,WM,WM
COG_040,WM,WM,FS,GDPS,WM,—
COG_045,WM,WM,FS,HOP,WM,—
COG_050,WM,WM,FS,WM,WM,WM
COG_079,WM,WM,GDPS,—,HOP,—
COG_085,WM,WM,GDPS,HOP,HOP,HOP
COG_086,WM,WM,GDPS,HOP,HOP,HOP
COG_089,WM,WM,GDPS,HOP,HOP,HOP
COG_090,WM,WM,GDPS,WM,WM,WM
COG_017,GDPS,GDPS,FS,—,ATT,—
COG_021,GDPS,GDPS,FS,GDPS,ATT,—
COG_023,GDPS,GDPS,FS,GDPS,GDPS,GDPS
COG_024,GDPS,GDPS,FS,—,GDPS,—
COG_026,GDPS,GDPS,FS,—,GDPS,—
COG_028,GDPS,GDPS,FS,GDPS,GDPS,GDPS
COG_029,GDPS,GDPS,FS,GDPS,GDPS,GDPS
COG_031,GDPS,GDPS,FS,HOP,GDPS,—
COG_039,GDPS,GDPS,FS,—,GDPS,—
COG_041,GDPS,GDPS,FS,GDPS,GDPS,GDPS
COG_043,GDPS,GDPS,FS,GDPS,ATT,—
COG_044,GDPS,GDPS,FS,—,ATT,—
COG_046,GDPS,GDPS,FS,GDPS,GDPS,GDPS
COG_048,GDPS,GDPS,HOP,FS,GDPS,—
COG_052,GDPS,GDPS,FS,GDPS,ATT,—
COG_053,GDPS,GDPS,HOP,GDPS,GDPS,GDPS
COG_057,GDPS,GDPS,FS,GDPS,GDPS,GDPS
COG_067,GDPS,GDPS,HOP,WM,WM,WM
COG_071,GDPS,GDPS,HOP,FS,FS,FS
COG_030,FS,FS,GDPS,ATT,ATT,ATT
COG_035,FS,FS,GDPS,—,WM,—
COG_036,FS,FS,GDPS,FS,GDPS,—
COG_047,FS,FS,GDPS,GDPS,HOP,—
COG_049,FS,FS,GDPS,GDPS,HOP,—
COG_051,FS,FS,GDPS,GDPS,HOP,—
COG_054,FS,FS,GDPS,GDPS,GDPS,GDPS
COG_055,FS,FS,GDPS,GDPS,HOP,—
COG_056,FS,FS,GDPS,GDPS,HOP,—
COG_058,FS,FS,GDPS,GDPS,HOP,—
COG_060,FS,FS,GDPS,FS,HOP,—
COG_061,FS,FS,GDPS,WM,HOP,—
COG_062,FS,FS,GDPS,FS,HOP,—
COG_063,FS,FS,GDPS,WM,HOP,—
COG_065,GDPS,FS,HOP,FS,FS,FS
COG_066,FS,FS,GDPS,GDPS,HOP,—
COG_069,GDPS,FS,HOP,FS,FS,FS
COG_070,FS,FS,GDPS,HOP,FS,—
COG_082,FS,FS,GDPS,WM,HOP,—
COG_072,HOP,HOP,WM,ATT,FS,—
COG_073,HOP,HOP,WM,ATT,FS,—
COG_074,HOP,HOP,WM,FS,FS,FS
COG_075,HOP,HOP,WM,ATT,FS,—
COG_077,HOP,HOP,WM,ATT,FS,—
COG_078,HOP,HOP,GDPS,HOP,FS,—
COG_091,HOP,HOP,GDPS,HOP,FS,—
