item_id,detected,theoretical,x,y,z,x2,y2
COG_001,ATT,ATT,4.2219825,6.273927,8.618859,4.2690234,7.203912
COG_002,ATT,ATT,4.2355804,7.1423984,6.8981514,4.818131,6.7996516
COG_003,ATT,ATT,4.0721774,4.449583,6.8938255,6.8514123,7.949973
COG_004,ATT,ATT,3.0029874,5.276434,8.0902405,5.846589,7.20487
COG_005,ATT,ATT,3.4698818,5.1083035,8.692425,5.332818,8.0811825
COG_006,ATT,ATT,4.7055984,6.852354,7.759033,3.4192555,6.6078377
COG_007,ATT,ATT,3.9713194,6.704306,8.472233,3.832905,6.8073134
COG_008,ATT,ATT,4.6930428,4.9186783,6.7261357,7.1325073,7.32719
COG_009,ATT,ATT,4.3479314,7.2290025,8.111904,3.6186395,7.344748
COG_010,ATT,ATT,3.5377748,4.6168704,8.101275,5.930616,7.925243
COG_011,WM,ATT,2.859174,6.2381372,4.9587717,7.3309937,4.701841
COG_012,ATT,ATT,3.273448,5.89453,7.4118133,6.077523,6.4658613
COG_013,FS,WM,4.7508965,4.059304,5.4451118,8.096882,6.9687924
COG_014,ATT,ATT,3.0970871,6.0540614,6.653007,6.1779027,5.802127
COG_015,WM,ATT,3.3302677,5.6103697,5.307601,7.3036294,5.5531993
COG_016,FS,UNCAT,4.5564866,3.8347485,7.855546,6.488629,9.003805
COG_017,FS,GDPS,4.0536895,2.467405,7.9173903,7.640607,10.698835
COG_018,ATT,ATT,4.791686,6.6062045,7.0273876,4.2722282,6.1388736
COG_019,ATT,ATT,5.4253473,6.6480703,7.0330563,5.4901695,5.6666617
COG_020,ATT,ATT,3.7904587,7.1781483,7.3732567,5.061592,6.175628
COG_021,FS,GDPS,6.2252235,2.7014596,6.853809,8.785298,8.60734
COG_022,ATT,ATT,5.5192204,6.2524724,7.5652895,4.208483,7.9844923
COG_023,FS,GDPS,4.666777,2.2233791,9.178453,6.6005607,11.299394
COG_024,FS,UNCAT,6.0916433,3.2091234,8.579906,6.768874,9.861648
COG_025,FS,WM,5.473385,3.1437612,6.845901,7.9689407,8.608469
COG_026,FS,UNCAT,4.713006,3.4185238,9.298328,5.9268336,10.131581
COG_027,GDPS,UNCAT,7.865529,2.097819,6.7165318,10.998072,8.501848
COG_028,FS,GDPS,4.9469285,2.0572698,6.85803,8.827887,9.964927
COG_029,FS,GDPS,4.3719864,1.7094591,8.713509,7.5459213,11.383953
COG_030,GDPS,UNCAT,8.400728,1.0024052,6.3118634,12.0621605,8.656919
COG_031,FS,UNCAT,4.148391,3.9517515,9.16577,5.967029,9.631145
COG_032,ATT,ATT,4.377136,6.510088,6.1149797,4.830462,5.429027
COG_033,GDPS,UNCAT,7.923612,1.7034705,6.2226186,11.691617,8.067412
COG_034,FS,WM,6.8814445,2.109057,5.7185493,10.289558,8.204022
COG_035,GDPS,UNCAT,7.589341,0.4736581,6.4336033,11.82775,9.419789
COG_036,GDPS,UNCAT,8.175955,0.11340819,6.764652,12.619479,9.134979
COG_037,GDPS,UNCAT,7.7804794,1.4935477,7.1654177,11.278311,9.24743
COG_038,GDPS,UNCAT,6.1057453,-3.118053,5.5478854,13.061449,12.834381
COG_039,FS,GDPS,5.9254947,2.5388868,7.535095,8.419053,9.221147
COG_040,FS,WM,3.6721933,1.4343297,7.00801,8.875368,10.764767
COG_041,FS,GDPS,4.115951,1.1386933,8.477914,8.0445795,11.977453
COG_042,FS,FS,6.444302,0.7138344,7.088798,10.403392,10.113798
COG_043,FS,GDPS,5.3160677,0.80561054,5.739133,9.807199,9.414204
COG_044,FS,GDPS,5.4367757,3.2182739,8.027418,7.414736,9.234715
COG_045,FS,WM,3.82614,1.0824912,6.449333,9.24066,11.373644
COG_046,FS,GDPS,5.803892,0.77076954,7.458807,10.224341,10.60462
COG_047,GDPS,UNCAT,6.4111648,-3.519833,5.1392703,13.752826,12.8652525
COG_048,HOP,UNCAT,6.694373,5.1030135,8.57933,4.31202,9.8602295
COG_049,GDPS,FS,7.552669,-2.0897737,4.871728,13.50655,10.581142
COG_050,FS,WM,4.353913,1.5961415,6.7021265,9.36684,10.693853
COG_051,GDPS,FS,7.6415267,-1.3820902,4.6576357,14.05088,10.667299
COG_052,FS,GDPS,5.40055,1.5152609,5.6016493,9.846134,8.853849
COG_053,HOP,UNCAT,6.4513845,5.406073,9.009323,3.993963,9.944625
COG_054,GDPS,UNCAT,8.118826,-0.5013389,6.0889177,13.179037,9.253687
COG_055,GDPS,FS,6.6105146,-3.225358,4.663008,14.385533,12.335537
COG_056,GDPS,FS,7.0570226,-2.2289734,5.5559745,13.29768,11.093617
COG_057,FS,GDPS,5.4328156,2.6063056,5.7065616,9.394526,7.895917
COG_058,GDPS,FS,7.2222986,-1.5701859,4.857019,14.50489,10.595887
COG_059,ATT,ATT,3.9546216,6.2157645,6.3239346,4.326488,5.552639
COG_060,GDPS,FS,7.7829013,-2.2089946,5.624061,13.882555,11.397052
COG_061,GDPS,FS,5.596774,-0.8724475,4.647713,11.894571,11.005012
COG_062,GDPS,FS,6.141564,-3.2294202,4.8265986,13.7464075,12.366818
COG_063,GDPS,FS,6.3870087,-0.78723365,4.7801495,12.273993,10.93215
COG_064,WM,WM,2.8182764,6.1517315,4.0047917,7.981909,4.2188163
COG_065,HOP,UNCAT,6.9535766,4.751557,7.98955,4.148454,10.548032
COG_066,GDPS,FS,7.2284102,-2.2319338,4.5948057,14.489496,10.97835
COG_067,HOP,GDPS,5.7325773,2.745313,4.8191338,10.392193,6.913022
COG_068,WM,WM,3.2112887,6.248086,3.4653616,9.274848,4.441862
COG_069,HOP,UNCAT,7.2559185,4.707239,8.77671,4.8653665,10.372679
COG_070,GDPS,UNCAT,8.877044,0.60563207,6.5970106,12.639074,8.317893
COG_071,HOP,UNCAT,7.42787,4.364449,8.372348,4.676599,10.977179
COG_072,WM,HOP,3.5510445,2.6290224,2.5868356,12.184025,4.6005816
COG_073,WM,HOP,3.1083639,3.136656,2.599824,11.644527,4.5604606
COG_074,WM,HOP,3.1756456,3.7585526,2.9958682,10.901961,4.41273
COG_075,WM,HOP,3.2594645,2.8216703,2.0852494,12.011884,4.1333838
COG_076,WM,WM,2.122275,6.469843,3.547186,8.072764,3.5172114
COG_077,WM,HOP,3.7368312,2.790522,2.267621,11.459065,4.1576347
COG_078,GDPS,HOP,7.121812,-3.3374054,4.41713,14.315453,12.562629
COG_079,GDPS,UNCAT,9.053702,-0.41771406,5.456674,13.967461,8.465174
COG_080,WM,WM,2.2611797,5.941144,3.3792174,8.422219,3.8035932
COG_081,WM,WM,2.5608711,6.883324,3.865934,8.860902,3.2257714
COG_082,GDPS,FS,5.9250517,-1.0111837,5.1004148,12.223537,11.575061
COG_083,WM,WM,2.0857375,6.0302067,4.077255,8.766592,4.1823826
COG_084,WM,WM,3.2628438,5.4741154,3.769981,8.642621,5.101836
COG_085,GDPS,UNCAT,9.197688,0.15868056,5.245591,13.889828,7.9066215
COG_086,GDPS,WM,9.133513,-0.09624019,4.7274847,14.286315,7.8589506
COG_087,GDPS,UNCAT,3.9780679,-0.1512671,7.6393604,9.976162,12.731472
COG_088,WM,WM,2.4721713,6.032435,3.188552,8.802639,4.7033167
COG_089,GDPS,UNCAT,8.641391,0.7266165,4.8038545,13.2359495,7.381825
COG_090,GDPS,WM,9.049388,-0.6798273,4.6396856,14.722725,8.791782
COG_091,GDPS,HOP,6.8551526,-3.7685113,4.591976,14.821314,12.742139
