item_id,item_title,assigned_factor,assignment_method,centroid_similarity,best_ef_factor,best_ef_sim,second_ef_factor,second_ef_sim,uc_margin,sim_ATT,sim_WM,sim_GDPS,sim_FS,sim_HOP,sim_UC
COG_035,Takes Blocks Out of Cup,uncategorized_cognition,centroid_loo,0.7687264084815979,flexibility_shift,0.7222177386283875,goal_directed_problem_solving,0.6911146640777588,0.04650866985321045,0.5155792236328125,0.6559104919433594,0.6911146640777588,0.7222177386283875,0.5327699184417725,0.7687264084815979
COG_036,Block Series: 1 Block,uncategorized_cognition,centroid_loo,0.8065706491470337,flexibility_shift,0.7528046369552612,working_memory,0.7150818109512329,0.05376601219177246,0.5128891468048096,0.7150818109512329,0.697379469871521,0.7528046369552612,0.6200588941574097,0.8065706491470337
COG_037,Picks Up Block Series: 3 Blocks,uncategorized_cognition,centroid_loo,0.8107870221138,goal_directed_problem_solving,0.7158595323562622,working_memory,0.671034574508667,0.09492748975753784,0.5740153789520264,0.671034574508667,0.7158595323562622,0.6449393033981323,0.5388911366462708,0.8107870221138
COG_038,Explores Holes in Pegboard,uncategorized_cognition,centroid_loo,0.7176855802536011,goal_directed_problem_solving,0.650101363658905,flexibility_shift,0.6193153858184814,0.06758421659469604,0.5335819125175476,0.5977766513824463,0.650101363658905,0.6193153858184814,0.5843290090560913,0.7176855802536011
COG_039,Pushes Car,goal_directed_problem_solving,centroid_loo,0.597609281539917,goal_directed_problem_solving,0.597609281539917,working_memory,0.4799325466156006,-0.010669052600860596,0.453019917011261,0.4799325466156006,0.597609281539917,0.4674980938434601,0.3847609758377075,0.5869402289390564
COG_044,Squeezes Object,goal_directed_problem_solving,centroid_loo,0.5715201497077942,goal_directed_problem_solving,0.5715201497077942,flexibility_shift,0.4385340213775635,-0.024790525436401367,0.4373462200164795,0.41403573751449585,0.5715201497077942,0.4385340213775635,0.3586551249027252,0.5467296242713928
COG_046,Removes Lid From Bottle,goal_directed_problem_solving,centroid_loo,0.5966009497642517,goal_directed_problem_solving,0.5966009497642517,working_memory,0.5242772102355957,-0.007357537746429443,0.48367106914520264,0.5242772102355957,0.5966009497642517,0.4770427942276001,0.38384532928466797,0.5892434120178223
COG_047,Pegboard Series: 2 Holes,uncategorized_cognition,centroid_loo,0.7040014266967773,flexibility_shift,0.7010617256164551,higher_order_processing,0.6531016826629639,0.0029397010803222656,0.5251328945159912,0.6460593342781067,0.5861698389053345,0.7010617256164551,0.6531016826629639,0.7040014266967773
COG_048,Relational Play Series: Self,uncategorized_cognition,centroid_loo,0.7238177061080933,goal_directed_problem_solving,0.5976294875144958,attention,0.5758693218231201,0.1261882185935974,0.5758693218231201,0.5605636835098267,0.5976294875144958,0.4789169132709503,0.42582255601882935,0.7238177061080933
COG_052,Clear Box: Sides,goal_directed_problem_solving,centroid_loo,0.7861509323120117,goal_directed_problem_solving,0.7861509323120117,working_memory,0.7384182810783386,-0.03256434202194214,0.6464119553565979,0.7384182810783386,0.7861509323120117,0.7098091840744019,0.534841001033783,0.7535865902900696
COG_053,Relational Play Series: Others,uncategorized_cognition,centroid_loo,0.7156447768211365,goal_directed_problem_solving,0.5761483907699585,attention,0.562047004699707,0.13949638605117798,0.562047004699707,0.5550100803375244,0.5761483907699585,0.4710903465747833,0.4317026138305664,0.7156447768211365
COG_054,Block Series: 9 Blocks,uncategorized_cognition,centroid_loo,0.7273135781288147,flexibility_shift,0.7029796838760376,working_memory,0.6591383218765259,0.0243338942527771,0.4349769949913025,0.6591383218765259,0.6080138683319092,0.7029796838760376,0.591217041015625,0.7273135781288147
COG_055,Pegboard Series: 6 Pegs,flexibility_shift,centroid_loo,0.7241033315658569,flexibility_shift,0.7241033315658569,higher_order_processing,0.6361352801322937,-0.08940351009368896,0.4066924452781677,0.5384259223937988,0.571780800819397,0.7241033315658569,0.6361352801322937,0.634699821472168
COG_056,Pink Board Series: Completes,flexibility_shift,centroid_loo,0.8855080604553223,flexibility_shift,0.8855080604553223,higher_order_processing,0.7066291570663452,-0.18954229354858398,0.47290152311325073,0.6322482228279114,0.6397351026535034,0.8855080604553223,0.7066291570663452,0.6959657669067383
COG_062,Completes Pegboard: 25 Seconds,flexibility_shift,centroid_loo,0.7336161136627197,flexibility_shift,0.7336161136627197,higher_order_processing,0.6295432448387146,-0.08445394039154053,0.41592836380004883,0.534361720085144,0.5965431332588196,0.7336161136627197,0.6295432448387146,0.6491621732711792
COG_065,Representational Play,uncategorized_cognition,centroid_loo,0.746309757232666,goal_directed_problem_solving,0.629799485206604,working_memory,0.5998615622520447,0.11651027202606201,0.5970005989074707,0.5998615622520447,0.629799485206604,0.5082992911338806,0.4705461859703064,0.746309757232666
