item_id,COG_001,COG_002,COG_003,COG_004,COG_005,COG_006,COG_007,COG_008,COG_009,COG_010,COG_011,COG_012,COG_013,COG_014,COG_015,COG_016,COG_017,COG_018,COG_019,COG_020,COG_021,COG_022,COG_023,COG_024,COG_025,COG_026,COG_027,COG_028,COG_029,COG_030,COG_031,COG_032,COG_033,COG_034,COG_035,COG_036,COG_037,COG_038,COG_039,COG_040,COG_041,COG_042,COG_043,COG_044,COG_045,COG_046,COG_047,COG_048,COG_049,COG_050,COG_051,COG_052,COG_053,COG_054,COG_055,COG_056,COG_057,COG_058,COG_059,COG_060,COG_061,COG_062,COG_063,COG_064,COG_065,COG_066,COG_067,COG_068,COG_069,COG_070,COG_071,COG_072,COG_073,COG_074,COG_075,COG_076,COG_077,COG_078,COG_079,COG_080,COG_081,COG_082,COG_083,COG_084,COG_085,COG_086,COG_087,COG_088,COG_089,COG_090,COG_091
COG_001,1.0,0.684,0.68,0.598,0.619,0.755,0.828,0.733,0.78,0.612,0.224,0.654,0.3,0.613,0.244,0.469,0.261,0.771,0.637,0.669,0.265,0.634,0.222,0.245,0.376,0.3,0.059,0.241,0.222,0.017,0.402,0.685,0.057,0.117,0.021,0.007,0.056,0.01,0.251,0.16,0.22,0.196,0.183,0.275,0.16,0.22,0.001,0.283,0.001,0.161,0.001,0.182,0.283,0.007,0.001,0.001,0.246,0.001,0.676,0.001,0.029,0.001,0.029,0.113,0.273,0.001,0.164,0.068,0.271,0.008,0.263,0.016,0.015,0.031,0.016,0.121,0.016,0.0,0.003,0.112,0.116,0.029,0.113,0.083,0.003,0.003,0.057,0.113,0.003,0.002,0.0
COG_002,0.684,1.0,0.628,0.688,0.656,0.883,0.805,0.716,0.856,0.629,0.395,0.81,0.332,0.831,0.427,0.349,0.122,0.883,0.836,0.964,0.146,0.817,0.117,0.122,0.232,0.196,0.025,0.113,0.1,0.009,0.287,0.864,0.024,0.081,0.01,0.008,0.023,0.002,0.11,0.091,0.101,0.041,0.099,0.118,0.091,0.062,0.001,0.353,0.001,0.092,0.001,0.098,0.353,0.008,0.001,0.001,0.118,0.001,0.869,0.001,0.011,0.001,0.012,0.26,0.339,0.001,0.145,0.196,0.335,0.009,0.328,0.018,0.018,0.058,0.017,0.271,0.017,0.0,0.008,0.259,0.265,0.011,0.26,0.221,0.008,0.008,0.016,0.261,0.007,0.005,0.0
COG_003,0.68,0.628,1.0,0.629,0.645,0.663,0.67,0.896,0.686,0.665,0.254,0.715,0.47,0.669,0.29,0.611,0.382,0.706,0.671,0.617,0.4,0.669,0.332,0.309,0.492,0.386,0.084,0.369,0.345,0.028,0.464,0.703,0.082,0.186,0.03,0.007,0.081,0.015,0.337,0.239,0.345,0.228,0.297,0.355,0.239,0.268,0.0,0.314,0.0,0.24,0.0,0.296,0.313,0.005,0.0,0.0,0.352,0.0,0.691,0.0,0.065,0.0,0.06,0.116,0.308,0.0,0.177,0.068,0.305,0.013,0.299,0.001,0.001,0.016,0.001,0.12,0.001,0.0,0.004,0.11,0.118,0.065,0.11,0.1,0.004,0.004,0.09,0.111,0.003,0.002,0.0
COG_004,0.598,0.688,0.629,1.0,0.924,0.622,0.632,0.615,0.623,0.911,0.381,0.792,0.361,0.804,0.415,0.465,0.222,0.632,0.629,0.719,0.179,0.617,0.261,0.226,0.254,0.376,0.02,0.148,0.258,0.004,0.478,0.657,0.02,0.081,0.006,0.001,0.02,0.004,0.167,0.123,0.261,0.122,0.121,0.224,0.123,0.172,0.0,0.222,0.0,0.125,0.0,0.12,0.222,0.001,0.0,0.0,0.147,0.0,0.68,0.0,0.018,0.0,0.016,0.235,0.22,0.0,0.125,0.179,0.219,0.001,0.213,0.015,0.016,0.071,0.015,0.249,0.015,0.0,0.003,0.236,0.238,0.018,0.237,0.209,0.003,0.003,0.065,0.234,0.002,0.003,0.0
COG_005,0.619,0.656,0.645,0.924,1.0,0.631,0.654,0.621,0.634,0.957,0.355,0.737,0.368,0.737,0.392,0.507,0.245,0.64,0.617,0.684,0.207,0.609,0.304,0.274,0.294,0.432,0.025,0.175,0.298,0.006,0.54,0.635,0.025,0.087,0.007,0.001,0.025,0.006,0.199,0.135,0.3,0.132,0.138,0.268,0.135,0.199,0.0,0.228,0.0,0.138,0.0,0.137,0.228,0.001,0.0,0.0,0.177,0.0,0.658,0.0,0.019,0.0,0.017,0.22,0.226,0.0,0.137,0.166,0.227,0.002,0.221,0.016,0.017,0.07,0.016,0.233,0.016,0.0,0.003,0.222,0.224,0.019,0.223,0.196,0.003,0.003,0.075,0.22,0.002,0.003,0.0
COG_006,0.755,0.883,0.663,0.622,0.631,1.0,0.881,0.752,0.971,0.604,0.336,0.773,0.32,0.763,0.368,0.369,0.145,0.913,0.847,0.854,0.179,0.834,0.147,0.158,0.276,0.217,0.034,0.152,0.125,0.009,0.31,0.873,0.032,0.081,0.009,0.007,0.031,0.003,0.147,0.09,0.124,0.048,0.11,0.155,0.09,0.083,0.001,0.377,0.001,0.09,0.001,0.109,0.377,0.007,0.001,0.001,0.153,0.001,0.859,0.001,0.01,0.001,0.011,0.213,0.36,0.001,0.169,0.15,0.356,0.008,0.349,0.016,0.016,0.043,0.015,0.22,0.015,0.0,0.005,0.205,0.216,0.01,0.206,0.171,0.005,0.005,0.017,0.207,0.005,0.003,0.0
COG_007,0.828,0.805,0.67,0.632,0.654,0.881,1.0,0.739,0.897,0.635,0.266,0.745,0.307,0.708,0.297,0.434,0.178,0.874,0.773,0.796,0.197,0.773,0.201,0.226,0.297,0.294,0.038,0.164,0.168,0.009,0.391,0.783,0.036,0.082,0.008,0.007,0.035,0.006,0.182,0.096,0.167,0.077,0.116,0.212,0.096,0.109,0.001,0.387,0.001,0.096,0.001,0.115,0.387,0.006,0.001,0.001,0.17,0.001,0.767,0.001,0.013,0.001,0.013,0.146,0.375,0.001,0.173,0.087,0.373,0.006,0.365,0.007,0.007,0.024,0.007,0.154,0.007,0.0,0.003,0.142,0.148,0.013,0.141,0.106,0.003,0.003,0.036,0.141,0.003,0.002,0.0
COG_008,0.733,0.716,0.896,0.615,0.621,0.752,0.739,1.0,0.773,0.632,0.281,0.763,0.477,0.713,0.31,0.528,0.301,0.798,0.731,0.698,0.35,0.724,0.245,0.262,0.445,0.303,0.09,0.316,0.255,0.037,0.387,0.787,0.089,0.197,0.038,0.014,0.088,0.011,0.289,0.215,0.255,0.184,0.28,0.291,0.215,0.206,0.0,0.341,0.0,0.216,0.0,0.279,0.341,0.011,0.0,0.0,0.305,0.0,0.781,0.0,0.061,0.0,0.057,0.132,0.332,0.0,0.184,0.082,0.329,0.02,0.322,0.005,0.005,0.024,0.005,0.138,0.005,0.0,0.008,0.129,0.134,0.061,0.132,0.118,0.008,0.008,0.056,0.132,0.007,0.005,0.0
COG_009,0.78,0.856,0.686,0.623,0.634,0.971,0.897,0.773,1.0,0.613,0.313,0.775,0.332,0.744,0.344,0.386,0.159,0.922,0.839,0.829,0.196,0.825,0.156,0.173,0.297,0.229,0.035,0.168,0.138,0.01,0.323,0.859,0.033,0.094,0.009,0.007,0.032,0.003,0.164,0.106,0.137,0.063,0.125,0.173,0.106,0.099,0.001,0.381,0.001,0.106,0.001,0.124,0.381,0.007,0.001,0.001,0.165,0.001,0.838,0.001,0.013,0.001,0.014,0.191,0.364,0.001,0.168,0.129,0.36,0.008,0.353,0.013,0.013,0.039,0.013,0.197,0.013,0.0,0.005,0.184,0.193,0.013,0.184,0.149,0.005,0.005,0.021,0.184,0.005,0.003,0.0
COG_010,0.612,0.629,0.665,0.911,0.957,0.604,0.635,0.632,0.613,1.0,0.347,0.735,0.377,0.73,0.384,0.519,0.264,0.622,0.609,0.655,0.224,0.601,0.323,0.284,0.31,0.448,0.024,0.191,0.323,0.006,0.55,0.638,0.024,0.092,0.008,0.001,0.024,0.005,0.215,0.143,0.326,0.143,0.152,0.287,0.143,0.21,0.0,0.223,0.0,0.146,0.0,0.151,0.223,0.001,0.0,0.0,0.192,0.0,0.654,0.0,0.023,0.0,0.02,0.209,0.222,0.0,0.137,0.156,0.224,0.002,0.218,0.015,0.016,0.067,0.015,0.22,0.015,0.0,0.003,0.209,0.212,0.023,0.21,0.186,0.003,0.003,0.082,0.207,0.002,0.003,0.0
COG_011,0.224,0.395,0.254,0.381,0.355,0.336,0.266,0.281,0.313,0.347,1.0,0.404,0.315,0.453,0.936,0.084,0.033,0.324,0.361,0.408,0.04,0.347,0.017,0.01,0.056,0.041,0.026,0.045,0.031,0.021,0.061,0.401,0.026,0.135,0.02,0.022,0.026,0.009,0.019,0.192,0.031,0.034,0.117,0.013,0.192,0.044,0.026,0.09,0.012,0.194,0.012,0.117,0.09,0.022,0.016,0.012,0.039,0.012,0.418,0.012,0.057,0.016,0.053,0.806,0.091,0.012,0.065,0.741,0.089,0.023,0.086,0.267,0.273,0.429,0.266,0.808,0.266,0.026,0.088,0.797,0.803,0.06,0.802,0.715,0.091,0.1,0.039,0.798,0.108,0.079,0.027
COG_012,0.654,0.81,0.715,0.792,0.737,0.773,0.745,0.763,0.775,0.735,0.404,1.0,0.415,0.945,0.439,0.418,0.189,0.79,0.798,0.833,0.198,0.784,0.174,0.162,0.27,0.259,0.041,0.164,0.175,0.014,0.357,0.841,0.04,0.098,0.013,0.009,0.039,0.002,0.155,0.117,0.177,0.08,0.144,0.158,0.117,0.11,0.001,0.328,0.001,0.119,0.001,0.143,0.328,0.009,0.001,0.001,0.16,0.001,0.846,0.001,0.019,0.001,0.019,0.224,0.323,0.001,0.155,0.162,0.32,0.011,0.312,0.011,0.011,0.047,0.011,0.233,0.011,0.0,0.008,0.218,0.225,0.019,0.223,0.193,0.008,0.008,0.04,0.22,0.007,0.005,0.0
COG_013,0.3,0.332,0.47,0.361,0.368,0.32,0.307,0.477,0.332,0.377,0.315,0.415,1.0,0.388,0.35,0.329,0.366,0.354,0.387,0.338,0.448,0.38,0.259,0.272,0.395,0.268,0.396,0.447,0.34,0.34,0.241,0.375,0.395,0.605,0.332,0.277,0.394,0.11,0.352,0.559,0.341,0.402,0.631,0.274,0.559,0.386,0.106,0.318,0.138,0.561,0.134,0.63,0.319,0.267,0.114,0.138,0.401,0.134,0.374,0.138,0.334,0.114,0.32,0.25,0.33,0.134,0.301,0.23,0.329,0.284,0.328,0.036,0.036,0.116,0.036,0.245,0.036,0.099,0.193,0.252,0.249,0.334,0.251,0.318,0.191,0.19,0.218,0.253,0.192,0.131,0.097
COG_014,0.613,0.831,0.669,0.804,0.737,0.763,0.708,0.713,0.744,0.73,0.453,0.945,0.388,1.0,0.49,0.381,0.157,0.756,0.783,0.86,0.163,0.765,0.145,0.132,0.232,0.228,0.025,0.133,0.144,0.006,0.326,0.832,0.024,0.078,0.007,0.006,0.023,0.002,0.124,0.097,0.146,0.062,0.113,0.128,0.097,0.085,0.001,0.3,0.001,0.098,0.001,0.112,0.3,0.006,0.001,0.001,0.135,0.001,0.849,0.001,0.016,0.001,0.014,0.276,0.295,0.001,0.141,0.212,0.291,0.006,0.284,0.017,0.018,0.066,0.016,0.284,0.016,0.0,0.005,0.267,0.276,0.016,0.27,0.239,0.005,0.005,0.026,0.267,0.004,0.002,0.0
COG_015,0.244,0.427,0.29,0.415,0.392,0.368,0.297,0.31,0.344,0.384,0.936,0.439,0.35,0.49,1.0,0.115,0.059,0.355,0.402,0.442,0.066,0.387,0.036,0.03,0.082,0.07,0.023,0.071,0.048,0.016,0.095,0.431,0.023,0.144,0.015,0.016,0.023,0.006,0.037,0.201,0.048,0.046,0.138,0.032,0.201,0.057,0.023,0.123,0.008,0.203,0.008,0.138,0.124,0.015,0.013,0.008,0.065,0.008,0.446,0.008,0.062,0.013,0.058,0.766,0.126,0.008,0.088,0.701,0.123,0.016,0.12,0.231,0.237,0.393,0.23,0.768,0.23,0.022,0.063,0.757,0.764,0.065,0.76,0.701,0.067,0.076,0.042,0.756,0.084,0.058,0.023
COG_016,0.469,0.349,0.611,0.465,0.507,0.369,0.434,0.528,0.386,0.519,0.084,0.418,0.329,0.381,0.115,1.0,0.645,0.414,0.376,0.343,0.604,0.38,0.642,0.625,0.695,0.692,0.166,0.563,0.593,0.065,0.738,0.377,0.157,0.206,0.068,0.023,0.16,0.061,0.58,0.29,0.594,0.408,0.346,0.657,0.29,0.445,0.001,0.417,0.0,0.291,0.0,0.345,0.416,0.019,0.001,0.0,0.534,0.0,0.361,0.0,0.068,0.001,0.057,0.032,0.424,0.0,0.284,0.023,0.422,0.026,0.416,0.002,0.002,0.007,0.002,0.035,0.002,0.001,0.01,0.036,0.033,0.067,0.035,0.038,0.009,0.009,0.198,0.036,0.008,0.006,0.001
COG_017,0.261,0.122,0.382,0.222,0.245,0.145,0.178,0.301,0.159,0.264,0.033,0.189,0.366,0.157,0.059,0.645,1.0,0.187,0.169,0.119,0.773,0.176,0.741,0.641,0.718,0.625,0.289,0.823,0.795,0.183,0.552,0.158,0.279,0.359,0.189,0.115,0.283,0.118,0.689,0.523,0.797,0.681,0.516,0.7,0.523,0.721,0.029,0.386,0.028,0.523,0.027,0.515,0.385,0.107,0.036,0.028,0.672,0.027,0.145,0.029,0.15,0.036,0.133,0.036,0.395,0.027,0.351,0.034,0.395,0.118,0.394,0.006,0.006,0.018,0.006,0.034,0.006,0.023,0.053,0.037,0.037,0.146,0.037,0.062,0.053,0.052,0.398,0.037,0.05,0.032,0.021
COG_018,0.771,0.883,0.706,0.632,0.64,0.913,0.874,0.798,0.922,0.622,0.324,0.79,0.354,0.756,0.355,0.414,0.187,1.0,0.838,0.847,0.213,0.829,0.171,0.185,0.313,0.241,0.044,0.184,0.15,0.014,0.333,0.89,0.042,0.107,0.013,0.01,0.041,0.006,0.172,0.126,0.151,0.077,0.146,0.185,0.126,0.113,0.001,0.387,0.001,0.127,0.001,0.145,0.387,0.01,0.001,0.001,0.181,0.001,0.864,0.001,0.016,0.001,0.017,0.195,0.372,0.001,0.176,0.131,0.368,0.011,0.361,0.011,0.011,0.039,0.01,0.203,0.01,0.0,0.007,0.193,0.197,0.016,0.193,0.154,0.007,0.007,0.032,0.193,0.006,0.004,0.0
COG_019,0.637,0.836,0.671,0.629,0.617,0.847,0.773,0.731,0.839,0.609,0.361,0.798,0.387,0.783,0.402,0.376,0.169,0.838,1.0,0.819,0.195,0.98,0.178,0.178,0.269,0.235,0.049,0.167,0.139,0.011,0.316,0.866,0.048,0.099,0.013,0.012,0.047,0.005,0.159,0.113,0.14,0.057,0.13,0.161,0.113,0.086,0.001,0.459,0.001,0.113,0.001,0.129,0.459,0.011,0.001,0.001,0.168,0.001,0.836,0.001,0.02,0.001,0.019,0.23,0.448,0.001,0.229,0.165,0.444,0.011,0.437,0.019,0.019,0.052,0.018,0.236,0.018,0.0,0.009,0.22,0.231,0.02,0.22,0.188,0.01,0.01,0.027,0.219,0.01,0.007,0.0
COG_020,0.669,0.964,0.617,0.719,0.684,0.854,0.796,0.698,0.829,0.655,0.408,0.833,0.338,0.86,0.442,0.343,0.119,0.847,0.819,1.0,0.138,0.8,0.118,0.121,0.218,0.201,0.021,0.106,0.101,0.007,0.295,0.845,0.02,0.075,0.008,0.007,0.019,0.002,0.105,0.088,0.102,0.039,0.094,0.113,0.088,0.059,0.001,0.335,0.001,0.089,0.001,0.093,0.335,0.007,0.001,0.001,0.11,0.001,0.866,0.001,0.012,0.001,0.011,0.261,0.322,0.001,0.137,0.2,0.318,0.007,0.311,0.018,0.018,0.058,0.017,0.272,0.017,0.0,0.007,0.257,0.266,0.012,0.262,0.226,0.007,0.007,0.016,0.26,0.006,0.004,0.0
COG_021,0.265,0.146,0.4,0.179,0.207,0.179,0.197,0.35,0.196,0.224,0.04,0.198,0.448,0.163,0.066,0.604,0.773,0.213,0.195,0.138,1.0,0.197,0.658,0.676,0.814,0.586,0.388,0.9,0.742,0.264,0.509,0.195,0.374,0.447,0.255,0.182,0.379,0.127,0.836,0.512,0.735,0.638,0.616,0.741,0.512,0.652,0.035,0.419,0.044,0.512,0.046,0.615,0.418,0.168,0.043,0.044,0.838,0.046,0.179,0.044,0.181,0.043,0.167,0.039,0.429,0.046,0.424,0.039,0.429,0.191,0.429,0.011,0.01,0.03,0.011,0.037,0.011,0.03,0.094,0.041,0.04,0.177,0.042,0.077,0.093,0.092,0.319,0.042,0.091,0.059,0.029
COG_022,0.634,0.817,0.669,0.617,0.609,0.834,0.773,0.724,0.825,0.601,0.347,0.784,0.38,0.765,0.387,0.38,0.176,0.829,0.98,0.8,0.197,1.0,0.194,0.192,0.271,0.248,0.052,0.17,0.143,0.012,0.322,0.849,0.051,0.099,0.015,0.013,0.05,0.009,0.16,0.113,0.144,0.063,0.127,0.166,0.113,0.092,0.001,0.477,0.001,0.113,0.001,0.126,0.477,0.012,0.001,0.001,0.173,0.001,0.819,0.001,0.02,0.001,0.019,0.216,0.466,0.001,0.241,0.153,0.463,0.012,0.455,0.017,0.017,0.049,0.016,0.222,0.016,0.0,0.009,0.207,0.217,0.02,0.206,0.176,0.01,0.01,0.035,0.206,0.01,0.007,0.0
COG_023,0.222,0.117,0.332,0.261,0.304,0.147,0.201,0.245,0.156,0.323,0.017,0.174,0.259,0.145,0.036,0.642,0.741,0.171,0.178,0.118,0.658,0.194,1.0,0.77,0.6,0.819,0.249,0.643,0.835,0.149,0.718,0.147,0.236,0.231,0.15,0.104,0.242,0.134,0.656,0.368,0.834,0.499,0.364,0.734,0.368,0.573,0.031,0.468,0.031,0.369,0.032,0.363,0.467,0.097,0.038,0.031,0.572,0.032,0.133,0.032,0.096,0.038,0.084,0.015,0.482,0.032,0.383,0.014,0.486,0.106,0.483,0.01,0.01,0.016,0.01,0.015,0.01,0.027,0.051,0.016,0.016,0.094,0.016,0.034,0.05,0.049,0.368,0.016,0.048,0.047,0.027
COG_024,0.245,0.122,0.309,0.226,0.274,0.158,0.226,0.262,0.173,0.284,0.01,0.162,0.272,0.132,0.03,0.625,0.641,0.185,0.178,0.121,0.676,0.192,0.77,1.0,0.624,0.759,0.341,0.607,0.645,0.22,0.663,0.155,0.326,0.273,0.227,0.172,0.335,0.154,0.732,0.283,0.643,0.48,0.35,0.787,0.283,0.493,0.05,0.554,0.057,0.284,0.062,0.349,0.553,0.161,0.056,0.057,0.601,0.062,0.139,0.058,0.103,0.056,0.096,0.011,0.568,0.062,0.469,0.01,0.573,0.175,0.574,0.009,0.009,0.014,0.009,0.011,0.009,0.046,0.095,0.012,0.011,0.1,0.012,0.026,0.093,0.09,0.273,0.012,0.089,0.066,0.045
COG_025,0.376,0.232,0.492,0.254,0.294,0.276,0.297,0.445,0.297,0.31,0.056,0.27,0.395,0.232,0.082,0.695,0.718,0.313,0.269,0.218,0.814,0.271,0.6,0.624,1.0,0.57,0.26,0.781,0.66,0.153,0.547,0.275,0.252,0.363,0.15,0.077,0.255,0.088,0.738,0.447,0.654,0.543,0.525,0.756,0.447,0.56,0.011,0.364,0.011,0.447,0.01,0.524,0.363,0.066,0.015,0.011,0.74,0.01,0.261,0.011,0.133,0.015,0.12,0.043,0.368,0.01,0.349,0.039,0.368,0.089,0.364,0.014,0.013,0.029,0.014,0.042,0.014,0.008,0.033,0.045,0.045,0.13,0.045,0.073,0.033,0.033,0.249,0.046,0.032,0.018,0.006
COG_026,0.3,0.196,0.386,0.376,0.432,0.217,0.294,0.303,0.229,0.448,0.041,0.259,0.268,0.228,0.07,0.692,0.625,0.241,0.235,0.201,0.586,0.248,0.819,0.759,0.57,1.0,0.217,0.534,0.72,0.124,0.882,0.21,0.208,0.192,0.127,0.086,0.215,0.11,0.618,0.285,0.721,0.422,0.304,0.721,0.285,0.492,0.027,0.457,0.026,0.286,0.027,0.303,0.456,0.08,0.031,0.026,0.523,0.027,0.202,0.027,0.083,0.031,0.074,0.016,0.465,0.027,0.378,0.015,0.47,0.089,0.469,0.014,0.014,0.023,0.014,0.018,0.014,0.023,0.048,0.019,0.017,0.082,0.019,0.036,0.047,0.047,0.276,0.019,0.045,0.047,0.022
COG_027,0.059,0.025,0.084,0.02,0.025,0.034,0.038,0.09,0.035,0.024,0.026,0.041,0.396,0.025,0.023,0.166,0.289,0.044,0.049,0.021,0.388,0.052,0.249,0.341,0.26,0.217,1.0,0.356,0.277,0.847,0.153,0.039,0.982,0.689,0.832,0.756,0.989,0.36,0.339,0.395,0.274,0.418,0.484,0.253,0.395,0.347,0.334,0.309,0.437,0.395,0.445,0.485,0.31,0.738,0.347,0.437,0.337,0.445,0.034,0.437,0.447,0.347,0.449,0.064,0.326,0.444,0.35,0.086,0.326,0.754,0.331,0.08,0.079,0.075,0.08,0.058,0.08,0.328,0.572,0.065,0.064,0.441,0.066,0.133,0.569,0.559,0.339,0.066,0.556,0.436,0.33
COG_028,0.241,0.113,0.369,0.148,0.175,0.152,0.164,0.316,0.168,0.191,0.045,0.164,0.447,0.133,0.071,0.563,0.823,0.184,0.167,0.106,0.9,0.17,0.643,0.607,0.781,0.534,0.356,1.0,0.765,0.244,0.462,0.16,0.345,0.455,0.239,0.162,0.349,0.124,0.777,0.596,0.758,0.673,0.634,0.69,0.596,0.712,0.036,0.375,0.039,0.596,0.039,0.633,0.374,0.151,0.044,0.039,0.79,0.039,0.146,0.039,0.195,0.044,0.18,0.044,0.382,0.039,0.392,0.046,0.383,0.172,0.383,0.013,0.012,0.034,0.013,0.042,0.013,0.032,0.08,0.048,0.045,0.191,0.049,0.09,0.08,0.079,0.375,0.049,0.078,0.051,0.028
COG_029,0.222,0.1,0.345,0.258,0.298,0.125,0.168,0.255,0.138,0.323,0.031,0.175,0.34,0.144,0.048,0.593,0.795,0.15,0.139,0.101,0.742,0.143,0.835,0.645,0.66,0.72,0.277,0.765,1.0,0.191,0.649,0.132,0.271,0.326,0.181,0.122,0.275,0.127,0.709,0.483,0.993,0.605,0.491,0.707,0.483,0.713,0.039,0.317,0.038,0.484,0.037,0.49,0.316,0.113,0.046,0.038,0.644,0.037,0.123,0.039,0.144,0.046,0.127,0.028,0.328,0.037,0.318,0.028,0.332,0.129,0.329,0.014,0.013,0.024,0.014,0.028,0.014,0.034,0.066,0.03,0.029,0.141,0.03,0.057,0.065,0.064,0.42,0.03,0.063,0.051,0.033
COG_030,0.017,0.009,0.028,0.004,0.006,0.009,0.009,0.037,0.01,0.006,0.021,0.014,0.34,0.006,0.016,0.065,0.183,0.014,0.011,0.007,0.264,0.012,0.149,0.22,0.153,0.124,0.847,0.244,0.191,1.0,0.074,0.011,0.863,0.64,0.946,0.902,0.855,0.434,0.232,0.356,0.19,0.332,0.426,0.153,0.356,0.274,0.456,0.204,0.579,0.355,0.589,0.427,0.205,0.884,0.47,0.579,0.228,0.589,0.01,0.579,0.554,0.47,0.561,0.068,0.219,0.588,0.265,0.095,0.219,0.894,0.224,0.121,0.12,0.096,0.121,0.057,0.121,0.451,0.698,0.069,0.065,0.548,0.07,0.141,0.694,0.679,0.366,0.07,0.671,0.542,0.451
COG_031,0.402,0.287,0.464,0.478,0.54,0.31,0.391,0.387,0.323,0.55,0.061,0.357,0.241,0.326,0.095,0.738,0.552,0.333,0.316,0.295,0.509,0.322,0.718,0.663,0.547,0.882,0.153,0.462,0.649,0.074,1.0,0.298,0.145,0.142,0.075,0.045,0.151,0.076,0.539,0.231,0.649,0.365,0.25,0.639,0.231,0.437,0.008,0.401,0.002,0.232,0.003,0.249,0.4,0.039,0.008,0.002,0.454,0.003,0.294,0.003,0.049,0.008,0.042,0.017,0.402,0.003,0.314,0.015,0.405,0.046,0.403,0.013,0.012,0.02,0.013,0.02,0.013,0.007,0.025,0.02,0.018,0.049,0.02,0.032,0.025,0.025,0.233,0.02,0.025,0.026,0.006
COG_032,0.685,0.864,0.703,0.657,0.635,0.873,0.783,0.787,0.859,0.638,0.401,0.841,0.375,0.832,0.431,0.377,0.158,0.89,0.866,0.845,0.195,0.849,0.147,0.155,0.275,0.21,0.039,0.16,0.132,0.011,0.298,1.0,0.038,0.092,0.012,0.009,0.037,0.003,0.156,0.104,0.133,0.054,0.134,0.156,0.104,0.083,0.001,0.357,0.001,0.104,0.001,0.133,0.357,0.009,0.001,0.001,0.164,0.001,0.965,0.001,0.016,0.001,0.017,0.247,0.347,0.001,0.165,0.176,0.343,0.01,0.336,0.017,0.017,0.049,0.016,0.251,0.016,0.0,0.008,0.234,0.248,0.016,0.238,0.203,0.008,0.008,0.018,0.237,0.007,0.005,0.0
COG_033,0.057,0.024,0.082,0.02,0.025,0.032,0.036,0.089,0.033,0.024,0.026,0.04,0.395,0.024,0.023,0.157,0.279,0.042,0.048,0.02,0.374,0.051,0.236,0.326,0.252,0.208,0.982,0.345,0.271,0.863,0.145,0.038,1.0,0.693,0.85,0.774,0.991,0.364,0.328,0.398,0.268,0.415,0.488,0.242,0.398,0.342,0.352,0.294,0.453,0.398,0.461,0.489,0.295,0.756,0.365,0.453,0.325,0.461,0.033,0.453,0.462,0.365,0.464,0.066,0.31,0.46,0.338,0.089,0.31,0.77,0.315,0.082,0.081,0.077,0.082,0.058,0.082,0.346,0.586,0.067,0.065,0.456,0.068,0.135,0.583,0.573,0.346,0.068,0.569,0.45,0.348
COG_034,0.117,0.081,0.186,0.081,0.087,0.081,0.082,0.197,0.094,0.092,0.135,0.098,0.605,0.078,0.144,0.206,0.359,0.107,0.099,0.075,0.447,0.099,0.231,0.273,0.363,0.192,0.689,0.455,0.326,0.64,0.142,0.092,0.693,1.0,0.627,0.557,0.688,0.235,0.351,0.669,0.325,0.507,0.715,0.263,0.669,0.452,0.234,0.234,0.304,0.669,0.302,0.716,0.235,0.542,0.242,0.304,0.412,0.302,0.09,0.304,0.494,0.242,0.487,0.177,0.248,0.301,0.304,0.209,0.247,0.561,0.251,0.081,0.081,0.14,0.081,0.167,0.081,0.227,0.419,0.184,0.176,0.493,0.184,0.284,0.419,0.416,0.301,0.186,0.42,0.308,0.223
COG_035,0.021,0.01,0.03,0.006,0.007,0.009,0.008,0.038,0.009,0.008,0.02,0.013,0.332,0.007,0.015,0.068,0.189,0.013,0.013,0.008,0.255,0.015,0.15,0.227,0.15,0.127,0.832,0.239,0.181,0.946,0.075,0.012,0.85,0.627,1.0,0.885,0.842,0.426,0.229,0.342,0.182,0.359,0.425,0.154,0.342,0.294,0.445,0.212,0.564,0.342,0.574,0.426,0.213,0.867,0.459,0.564,0.222,0.574,0.012,0.564,0.553,0.459,0.562,0.058,0.227,0.573,0.268,0.084,0.228,0.866,0.232,0.109,0.108,0.086,0.109,0.048,0.109,0.44,0.672,0.059,0.056,0.548,0.06,0.128,0.668,0.653,0.35,0.06,0.646,0.513,0.44
COG_036,0.007,0.008,0.007,0.001,0.001,0.007,0.007,0.014,0.007,0.001,0.022,0.009,0.277,0.006,0.016,0.023,0.115,0.01,0.012,0.007,0.182,0.013,0.104,0.172,0.077,0.086,0.756,0.162,0.122,0.902,0.045,0.009,0.774,0.557,0.885,1.0,0.766,0.478,0.159,0.288,0.122,0.26,0.34,0.098,0.288,0.205,0.521,0.188,0.647,0.287,0.656,0.341,0.189,0.982,0.535,0.647,0.149,0.656,0.008,0.647,0.551,0.535,0.566,0.072,0.196,0.655,0.225,0.103,0.196,0.956,0.201,0.152,0.148,0.11,0.152,0.061,0.152,0.52,0.776,0.072,0.069,0.548,0.073,0.137,0.771,0.756,0.363,0.073,0.748,0.618,0.52
COG_037,0.056,0.023,0.081,0.02,0.025,0.031,0.035,0.088,0.032,0.024,0.026,0.039,0.394,0.023,0.023,0.16,0.283,0.041,0.047,0.019,0.379,0.05,0.242,0.335,0.255,0.215,0.989,0.349,0.275,0.855,0.151,0.037,0.991,0.688,0.842,0.766,1.0,0.368,0.334,0.395,0.272,0.42,0.484,0.249,0.395,0.346,0.344,0.3,0.445,0.395,0.453,0.485,0.301,0.748,0.357,0.445,0.329,0.453,0.033,0.445,0.455,0.357,0.457,0.064,0.316,0.452,0.343,0.086,0.316,0.762,0.321,0.082,0.081,0.077,0.082,0.058,0.082,0.338,0.578,0.065,0.064,0.449,0.066,0.132,0.575,0.565,0.345,0.066,0.561,0.442,0.34
COG_038,0.01,0.002,0.015,0.004,0.006,0.003,0.006,0.011,0.003,0.005,0.009,0.002,0.11,0.002,0.006,0.061,0.118,0.006,0.005,0.002,0.127,0.009,0.134,0.154,0.088,0.11,0.36,0.124,0.127,0.434,0.076,0.003,0.364,0.235,0.426,0.478,0.368,1.0,0.131,0.179,0.129,0.18,0.183,0.117,0.179,0.132,0.864,0.144,0.739,0.174,0.739,0.184,0.144,0.485,0.876,0.739,0.125,0.739,0.002,0.741,0.522,0.876,0.529,0.036,0.151,0.738,0.171,0.073,0.15,0.448,0.153,0.218,0.214,0.084,0.219,0.031,0.219,0.851,0.403,0.036,0.037,0.518,0.037,0.065,0.398,0.392,0.578,0.036,0.392,0.495,0.845
COG_039,0.251,0.11,0.337,0.167,0.199,0.147,0.182,0.289,0.164,0.215,0.019,0.155,0.352,0.124,0.037,0.58,0.689,0.172,0.159,0.105,0.836,0.16,0.656,0.732,0.738,0.618,0.339,0.777,0.709,0.232,0.539,0.156,0.328,0.351,0.229,0.159,0.334,0.131,1.0,0.405,0.704,0.596,0.506,0.842,0.405,0.608,0.034,0.399,0.041,0.406,0.043,0.506,0.398,0.15,0.041,0.041,0.759,0.043,0.14,0.041,0.142,0.041,0.131,0.02,0.406,0.043,0.414,0.02,0.407,0.166,0.407,0.019,0.018,0.029,0.019,0.019,0.019,0.031,0.082,0.021,0.02,0.14,0.021,0.04,0.081,0.08,0.291,0.021,0.079,0.056,0.029
COG_040,0.16,0.091,0.239,0.123,0.135,0.09,0.096,0.215,0.106,0.143,0.192,0.117,0.559,0.097,0.201,0.29,0.523,0.126,0.113,0.088,0.512,0.113,0.368,0.283,0.447,0.285,0.395,0.596,0.483,0.356,0.231,0.104,0.398,0.669,0.342,0.288,0.395,0.179,0.405,1.0,0.486,0.561,0.723,0.346,1.0,0.572,0.157,0.189,0.152,0.995,0.149,0.723,0.19,0.279,0.158,0.152,0.462,0.149,0.1,0.153,0.35,0.158,0.333,0.222,0.198,0.149,0.25,0.25,0.197,0.293,0.198,0.086,0.086,0.164,0.086,0.213,0.086,0.151,0.214,0.228,0.221,0.351,0.228,0.328,0.217,0.22,0.438,0.229,0.227,0.159,0.146
COG_041,0.22,0.101,0.345,0.261,0.3,0.124,0.167,0.255,0.137,0.326,0.031,0.177,0.341,0.146,0.048,0.594,0.797,0.151,0.14,0.102,0.735,0.144,0.834,0.643,0.654,0.721,0.274,0.758,0.993,0.19,0.649,0.133,0.268,0.325,0.182,0.122,0.272,0.129,0.704,0.486,1.0,0.601,0.488,0.703,0.486,0.711,0.041,0.315,0.037,0.487,0.036,0.487,0.314,0.113,0.048,0.037,0.638,0.036,0.124,0.038,0.144,0.048,0.127,0.028,0.326,0.036,0.314,0.028,0.33,0.129,0.327,0.012,0.012,0.023,0.012,0.028,0.012,0.036,0.066,0.03,0.029,0.141,0.03,0.057,0.065,0.064,0.424,0.03,0.062,0.051,0.035
COG_042,0.196,0.041,0.228,0.122,0.132,0.048,0.077,0.184,0.063,0.143,0.034,0.08,0.402,0.062,0.046,0.408,0.681,0.077,0.057,0.039,0.638,0.063,0.499,0.48,0.543,0.422,0.418,0.673,0.605,0.332,0.365,0.054,0.415,0.507,0.359,0.26,0.42,0.18,0.596,0.561,0.601,1.0,0.644,0.547,0.561,0.855,0.1,0.251,0.098,0.564,0.097,0.645,0.25,0.247,0.109,0.098,0.594,0.097,0.051,0.098,0.273,0.109,0.262,0.048,0.26,0.097,0.339,0.058,0.26,0.259,0.264,0.026,0.025,0.051,0.026,0.046,0.026,0.091,0.142,0.054,0.049,0.269,0.052,0.096,0.139,0.137,0.402,0.053,0.136,0.088,0.087
COG_043,0.183,0.099,0.297,0.121,0.138,0.11,0.116,0.28,0.125,0.152,0.117,0.144,0.631,0.113,0.138,0.346,0.516,0.146,0.13,0.094,0.616,0.127,0.364,0.35,0.525,0.304,0.484,0.634,0.491,0.426,0.25,0.134,0.488,0.715,0.425,0.34,0.484,0.183,0.506,0.723,0.488,0.644,1.0,0.416,0.723,0.608,0.149,0.22,0.193,0.726,0.188,0.999,0.221,0.328,0.16,0.193,0.565,0.188,0.13,0.191,0.453,0.16,0.435,0.132,0.233,0.188,0.3,0.155,0.233,0.345,0.234,0.04,0.04,0.101,0.04,0.123,0.04,0.141,0.214,0.137,0.131,0.452,0.137,0.229,0.212,0.21,0.346,0.14,0.21,0.137,0.136
COG_044,0.275,0.118,0.355,0.224,0.268,0.155,0.212,0.291,0.173,0.287,0.013,0.158,0.274,0.128,0.032,0.657,0.7,0.185,0.161,0.113,0.741,0.166,0.734,0.787,0.756,0.721,0.253,0.69,0.707,0.153,0.639,0.156,0.242,0.263,0.154,0.098,0.249,0.117,0.842,0.346,0.703,0.547,0.416,1.0,0.346,0.566,0.026,0.402,0.028,0.347,0.027,0.415,0.401,0.09,0.031,0.028,0.682,0.027,0.141,0.027,0.114,0.031,0.104,0.016,0.409,0.027,0.371,0.016,0.414,0.103,0.411,0.018,0.017,0.023,0.018,0.016,0.018,0.023,0.048,0.018,0.017,0.113,0.018,0.027,0.046,0.045,0.27,0.018,0.044,0.036,0.02
COG_045,0.16,0.091,0.239,0.123,0.135,0.09,0.096,0.215,0.106,0.143,0.192,0.117,0.559,0.097,0.201,0.29,0.523,0.126,0.113,0.088,0.512,0.113,0.368,0.283,0.447,0.285,0.395,0.596,0.483,0.356,0.231,0.104,0.398,0.669,0.342,0.288,0.395,0.179,0.405,1.0,0.486,0.561,0.723,0.346,1.0,0.572,0.157,0.189,0.152,0.995,0.149,0.723,0.19,0.279,0.158,0.152,0.462,0.149,0.1,0.153,0.35,0.158,0.333,0.222,0.198,0.149,0.25,0.25,0.197,0.293,0.198,0.086,0.086,0.164,0.086,0.213,0.086,0.151,0.214,0.228,0.221,0.351,0.228,0.328,0.217,0.22,0.438,0.229,0.227,0.159,0.146
COG_046,0.22,0.062,0.268,0.172,0.199,0.083,0.109,0.206,0.099,0.21,0.044,0.11,0.386,0.085,0.057,0.445,0.721,0.113,0.086,0.059,0.652,0.092,0.573,0.493,0.56,0.492,0.347,0.712,0.713,0.274,0.437,0.083,0.342,0.452,0.294,0.205,0.346,0.132,0.608,0.572,0.711,0.855,0.608,0.566,0.572,1.0,0.056,0.236,0.055,0.576,0.054,0.607,0.235,0.194,0.065,0.055,0.578,0.054,0.077,0.055,0.219,0.065,0.21,0.053,0.243,0.054,0.301,0.059,0.244,0.211,0.245,0.011,0.011,0.039,0.011,0.051,0.011,0.049,0.111,0.058,0.054,0.216,0.057,0.097,0.11,0.108,0.408,0.057,0.107,0.058,0.045
COG_047,0.001,0.001,0.0,0.0,0.0,0.001,0.001,0.0,0.001,0.0,0.026,0.001,0.106,0.001,0.023,0.001,0.029,0.001,0.001,0.001,0.035,0.001,0.031,0.05,0.011,0.027,0.334,0.036,0.039,0.456,0.008,0.001,0.352,0.234,0.445,0.521,0.344,0.864,0.034,0.157,0.041,0.1,0.149,0.026,0.157,0.056,1.0,0.076,0.832,0.152,0.828,0.15,0.076,0.532,0.985,0.832,0.04,0.828,0.001,0.834,0.595,0.985,0.611,0.076,0.076,0.827,0.112,0.125,0.075,0.49,0.078,0.263,0.258,0.123,0.264,0.068,0.264,0.978,0.488,0.075,0.076,0.597,0.077,0.111,0.483,0.479,0.492,0.076,0.48,0.578,0.971
COG_048,0.283,0.353,0.314,0.222,0.228,0.377,0.387,0.341,0.381,0.223,0.09,0.328,0.318,0.3,0.123,0.417,0.386,0.387,0.459,0.335,0.419,0.477,0.468,0.554,0.364,0.457,0.309,0.375,0.317,0.204,0.401,0.357,0.294,0.234,0.212,0.188,0.3,0.144,0.399,0.189,0.315,0.251,0.22,0.402,0.189,0.236,0.076,1.0,0.081,0.188,0.085,0.22,0.999,0.181,0.08,0.081,0.37,0.085,0.332,0.08,0.088,0.08,0.084,0.079,0.978,0.085,0.571,0.062,0.972,0.185,0.966,0.038,0.038,0.045,0.038,0.078,0.038,0.073,0.129,0.076,0.078,0.086,0.075,0.08,0.129,0.126,0.192,0.076,0.132,0.109,0.072
COG_049,0.001,0.001,0.0,0.0,0.0,0.001,0.001,0.0,0.001,0.0,0.012,0.001,0.138,0.001,0.008,0.0,0.028,0.001,0.001,0.001,0.044,0.001,0.031,0.057,0.011,0.026,0.437,0.039,0.038,0.579,0.002,0.001,0.453,0.304,0.564,0.647,0.445,0.739,0.041,0.152,0.037,0.098,0.193,0.028,0.152,0.055,0.832,0.081,1.0,0.15,0.99,0.194,0.081,0.662,0.847,1.0,0.05,0.99,0.001,0.998,0.708,0.847,0.723,0.062,0.084,0.989,0.128,0.11,0.083,0.614,0.085,0.272,0.267,0.133,0.273,0.053,0.273,0.823,0.582,0.062,0.06,0.708,0.064,0.113,0.572,0.56,0.397,0.063,0.551,0.596,0.821
COG_050,0.161,0.092,0.24,0.125,0.138,0.09,0.096,0.216,0.106,0.146,0.194,0.119,0.561,0.098,0.203,0.291,0.523,0.127,0.113,0.089,0.512,0.113,0.369,0.284,0.447,0.286,0.395,0.596,0.484,0.355,0.232,0.104,0.398,0.669,0.342,0.287,0.395,0.174,0.406,0.995,0.487,0.564,0.726,0.347,0.995,0.576,0.152,0.188,0.15,1.0,0.147,0.726,0.189,0.278,0.153,0.15,0.463,0.147,0.1,0.151,0.35,0.153,0.333,0.222,0.197,0.147,0.25,0.251,0.196,0.292,0.197,0.085,0.085,0.163,0.085,0.213,0.085,0.146,0.212,0.229,0.221,0.351,0.229,0.329,0.215,0.218,0.433,0.23,0.225,0.155,0.141
COG_051,0.001,0.001,0.0,0.0,0.0,0.001,0.001,0.0,0.001,0.0,0.012,0.001,0.134,0.001,0.008,0.0,0.027,0.001,0.001,0.001,0.046,0.001,0.032,0.062,0.01,0.027,0.445,0.039,0.037,0.589,0.003,0.001,0.461,0.302,0.574,0.656,0.453,0.739,0.043,0.149,0.036,0.097,0.188,0.027,0.149,0.054,0.828,0.085,0.99,0.147,1.0,0.189,0.085,0.671,0.843,0.99,0.048,1.0,0.001,0.99,0.699,0.843,0.714,0.06,0.088,0.999,0.129,0.108,0.087,0.623,0.089,0.269,0.264,0.131,0.27,0.051,0.27,0.819,0.589,0.061,0.058,0.699,0.062,0.109,0.579,0.565,0.391,0.061,0.556,0.601,0.817
COG_052,0.182,0.098,0.296,0.12,0.137,0.109,0.115,0.279,0.124,0.151,0.117,0.143,0.63,0.112,0.138,0.345,0.515,0.145,0.129,0.093,0.615,0.126,0.363,0.349,0.524,0.303,0.485,0.633,0.49,0.427,0.249,0.133,0.489,0.716,0.426,0.341,0.485,0.184,0.506,0.723,0.487,0.645,0.999,0.415,0.723,0.607,0.15,0.22,0.194,0.726,0.189,1.0,0.221,0.329,0.161,0.194,0.565,0.189,0.129,0.192,0.454,0.161,0.436,0.132,0.233,0.189,0.3,0.155,0.233,0.346,0.234,0.04,0.04,0.101,0.04,0.123,0.04,0.142,0.215,0.137,0.131,0.453,0.137,0.229,0.213,0.211,0.347,0.14,0.211,0.138,0.137
COG_053,0.283,0.353,0.313,0.222,0.228,0.377,0.387,0.341,0.381,0.223,0.09,0.328,0.319,0.3,0.124,0.416,0.385,0.387,0.459,0.335,0.418,0.477,0.467,0.553,0.363,0.456,0.31,0.374,0.316,0.205,0.4,0.357,0.295,0.235,0.213,0.189,0.301,0.144,0.398,0.19,0.314,0.25,0.221,0.401,0.19,0.235,0.076,0.999,0.081,0.189,0.085,0.221,1.0,0.181,0.08,0.081,0.369,0.085,0.332,0.08,0.088,0.08,0.084,0.08,0.979,0.085,0.572,0.063,0.973,0.186,0.967,0.038,0.038,0.046,0.038,0.079,0.038,0.073,0.129,0.077,0.079,0.086,0.076,0.081,0.13,0.127,0.192,0.077,0.133,0.109,0.072
COG_054,0.007,0.008,0.005,0.001,0.001,0.007,0.006,0.011,0.007,0.001,0.022,0.009,0.267,0.006,0.015,0.019,0.107,0.01,0.011,0.007,0.168,0.012,0.097,0.161,0.066,0.08,0.738,0.151,0.113,0.884,0.039,0.009,0.756,0.542,0.867,0.982,0.748,0.485,0.15,0.279,0.113,0.247,0.328,0.09,0.279,0.194,0.532,0.181,0.662,0.278,0.671,0.329,0.181,1.0,0.546,0.662,0.137,0.671,0.008,0.662,0.551,0.546,0.568,0.072,0.187,0.672,0.216,0.106,0.187,0.942,0.192,0.165,0.161,0.118,0.165,0.062,0.165,0.531,0.79,0.072,0.069,0.55,0.073,0.139,0.781,0.766,0.357,0.073,0.758,0.635,0.531
COG_055,0.001,0.001,0.0,0.0,0.0,0.001,0.001,0.0,0.001,0.0,0.016,0.001,0.114,0.001,0.013,0.001,0.036,0.001,0.001,0.001,0.043,0.001,0.038,0.056,0.015,0.031,0.347,0.044,0.046,0.47,0.008,0.001,0.365,0.242,0.459,0.535,0.357,0.876,0.041,0.158,0.048,0.109,0.16,0.031,0.158,0.065,0.985,0.08,0.847,0.153,0.843,0.161,0.08,0.546,1.0,0.847,0.045,0.843,0.001,0.849,0.608,1.0,0.622,0.064,0.082,0.842,0.116,0.112,0.081,0.504,0.083,0.262,0.257,0.123,0.263,0.056,0.263,0.966,0.477,0.063,0.064,0.608,0.065,0.098,0.472,0.468,0.5,0.064,0.469,0.567,0.956
COG_056,0.001,0.001,0.0,0.0,0.0,0.001,0.001,0.0,0.001,0.0,0.012,0.001,0.138,0.001,0.008,0.0,0.028,0.001,0.001,0.001,0.044,0.001,0.031,0.057,0.011,0.026,0.437,0.039,0.038,0.579,0.002,0.001,0.453,0.304,0.564,0.647,0.445,0.739,0.041,0.152,0.037,0.098,0.193,0.028,0.152,0.055,0.832,0.081,1.0,0.15,0.99,0.194,0.081,0.662,0.847,1.0,0.05,0.99,0.001,0.998,0.708,0.847,0.723,0.062,0.084,0.989,0.128,0.11,0.083,0.614,0.085,0.272,0.267,0.133,0.273,0.053,0.273,0.823,0.582,0.062,0.06,0.708,0.064,0.113,0.572,0.56,0.397,0.063,0.551,0.596,0.821
COG_057,0.246,0.118,0.352,0.147,0.177,0.153,0.17,0.305,0.165,0.192,0.039,0.16,0.401,0.135,0.065,0.534,0.672,0.181,0.168,0.11,0.838,0.173,0.572,0.601,0.74,0.523,0.337,0.79,0.644,0.228,0.454,0.164,0.325,0.412,0.222,0.149,0.329,0.125,0.759,0.462,0.638,0.594,0.565,0.682,0.462,0.578,0.04,0.37,0.05,0.463,0.048,0.565,0.369,0.137,0.045,0.05,1.0,0.048,0.149,0.05,0.185,0.045,0.174,0.042,0.378,0.048,0.553,0.046,0.379,0.159,0.384,0.115,0.114,0.128,0.115,0.041,0.115,0.038,0.079,0.044,0.042,0.183,0.044,0.08,0.08,0.079,0.282,0.044,0.078,0.057,0.035
COG_058,0.001,0.001,0.0,0.0,0.0,0.001,0.001,0.0,0.001,0.0,0.012,0.001,0.134,0.001,0.008,0.0,0.027,0.001,0.001,0.001,0.046,0.001,0.032,0.062,0.01,0.027,0.445,0.039,0.037,0.589,0.003,0.001,0.461,0.302,0.574,0.656,0.453,0.739,0.043,0.149,0.036,0.097,0.188,0.027,0.149,0.054,0.828,0.085,0.99,0.147,1.0,0.189,0.085,0.671,0.843,0.99,0.048,1.0,0.001,0.99,0.699,0.843,0.714,0.06,0.088,0.999,0.129,0.108,0.087,0.623,0.089,0.269,0.264,0.131,0.27,0.051,0.27,0.819,0.589,0.061,0.058,0.699,0.062,0.109,0.579,0.565,0.391,0.061,0.556,0.601,0.817
COG_059,0.676,0.869,0.691,0.68,0.658,0.859,0.767,0.781,0.838,0.654,0.418,0.846,0.374,0.849,0.446,0.361,0.145,0.864,0.836,0.866,0.179,0.819,0.133,0.139,0.261,0.202,0.034,0.146,0.123,0.01,0.294,0.965,0.033,0.09,0.012,0.008,0.033,0.002,0.14,0.1,0.124,0.051,0.13,0.141,0.1,0.077,0.001,0.332,0.001,0.1,0.001,0.129,0.332,0.008,0.001,0.001,0.149,0.001,1.0,0.001,0.016,0.001,0.017,0.248,0.322,0.001,0.147,0.185,0.319,0.009,0.312,0.018,0.018,0.053,0.017,0.253,0.017,0.0,0.008,0.237,0.249,0.016,0.241,0.215,0.008,0.008,0.015,0.24,0.007,0.005,0.0
COG_060,0.001,0.001,0.0,0.0,0.0,0.001,0.001,0.0,0.001,0.0,0.012,0.001,0.138,0.001,0.008,0.0,0.029,0.001,0.001,0.001,0.044,0.001,0.032,0.058,0.011,0.027,0.437,0.039,0.039,0.579,0.003,0.001,0.453,0.304,0.564,0.647,0.445,0.741,0.041,0.153,0.038,0.098,0.191,0.027,0.153,0.055,0.834,0.08,0.998,0.151,0.99,0.192,0.08,0.662,0.849,0.998,0.05,0.99,0.001,1.0,0.706,0.849,0.721,0.062,0.083,0.989,0.128,0.11,0.082,0.614,0.084,0.272,0.267,0.133,0.273,0.053,0.273,0.825,0.583,0.062,0.06,0.706,0.064,0.113,0.573,0.561,0.399,0.063,0.552,0.597,0.823
COG_061,0.029,0.011,0.065,0.018,0.019,0.01,0.013,0.061,0.013,0.023,0.057,0.019,0.334,0.016,0.062,0.068,0.15,0.016,0.02,0.012,0.181,0.02,0.096,0.103,0.133,0.083,0.447,0.195,0.144,0.554,0.049,0.016,0.462,0.494,0.553,0.551,0.455,0.522,0.142,0.35,0.144,0.273,0.453,0.114,0.35,0.219,0.595,0.088,0.708,0.35,0.699,0.454,0.088,0.551,0.608,0.708,0.185,0.699,0.016,0.706,1.0,0.608,0.973,0.102,0.095,0.698,0.154,0.147,0.095,0.534,0.097,0.181,0.179,0.139,0.182,0.092,0.182,0.58,0.431,0.105,0.1,0.991,0.105,0.18,0.424,0.414,0.327,0.108,0.409,0.4,0.573
COG_062,0.001,0.001,0.0,0.0,0.0,0.001,0.001,0.0,0.001,0.0,0.016,0.001,0.114,0.001,0.013,0.001,0.036,0.001,0.001,0.001,0.043,0.001,0.038,0.056,0.015,0.031,0.347,0.044,0.046,0.47,0.008,0.001,0.365,0.242,0.459,0.535,0.357,0.876,0.041,0.158,0.048,0.109,0.16,0.031,0.158,0.065,0.985,0.08,0.847,0.153,0.843,0.161,0.08,0.546,1.0,0.847,0.045,0.843,0.001,0.849,0.608,1.0,0.622,0.064,0.082,0.842,0.116,0.112,0.081,0.504,0.083,0.262,0.257,0.123,0.263,0.056,0.263,0.966,0.477,0.063,0.064,0.608,0.065,0.098,0.472,0.468,0.5,0.064,0.469,0.567,0.956
COG_063,0.029,0.012,0.06,0.016,0.017,0.011,0.013,0.057,0.014,0.02,0.053,0.019,0.32,0.014,0.058,0.057,0.133,0.017,0.019,0.011,0.167,0.019,0.084,0.096,0.12,0.074,0.449,0.18,0.127,0.561,0.042,0.017,0.464,0.487,0.562,0.566,0.457,0.529,0.131,0.333,0.127,0.262,0.435,0.104,0.333,0.21,0.611,0.084,0.723,0.333,0.714,0.436,0.084,0.568,0.622,0.723,0.174,0.714,0.017,0.721,0.973,0.622,1.0,0.104,0.091,0.713,0.149,0.151,0.089,0.549,0.093,0.187,0.185,0.141,0.188,0.093,0.188,0.596,0.449,0.107,0.101,0.976,0.107,0.181,0.442,0.432,0.323,0.11,0.427,0.418,0.588
COG_064,0.113,0.26,0.116,0.235,0.22,0.213,0.146,0.132,0.191,0.209,0.806,0.224,0.25,0.276,0.766,0.032,0.036,0.195,0.23,0.261,0.039,0.216,0.015,0.011,0.043,0.016,0.064,0.044,0.028,0.068,0.017,0.247,0.066,0.177,0.058,0.072,0.064,0.036,0.02,0.222,0.028,0.048,0.132,0.016,0.222,0.053,0.076,0.079,0.062,0.222,0.06,0.132,0.08,0.072,0.064,0.062,0.042,0.06,0.248,0.062,0.102,0.064,0.104,1.0,0.08,0.06,0.078,0.921,0.078,0.074,0.077,0.376,0.382,0.558,0.375,0.978,0.375,0.076,0.175,0.98,0.99,0.108,0.982,0.846,0.184,0.197,0.056,0.979,0.209,0.164,0.076
COG_065,0.273,0.339,0.308,0.22,0.226,0.36,0.375,0.332,0.364,0.222,0.091,0.323,0.33,0.295,0.126,0.424,0.395,0.372,0.448,0.322,0.429,0.466,0.482,0.568,0.368,0.465,0.326,0.382,0.328,0.219,0.402,0.347,0.31,0.248,0.227,0.196,0.316,0.151,0.406,0.198,0.326,0.26,0.233,0.409,0.198,0.243,0.076,0.978,0.084,0.197,0.088,0.233,0.979,0.187,0.082,0.084,0.378,0.088,0.322,0.083,0.095,0.082,0.091,0.08,1.0,0.088,0.586,0.063,0.994,0.193,0.988,0.038,0.038,0.046,0.038,0.079,0.038,0.073,0.132,0.078,0.079,0.093,0.077,0.083,0.133,0.13,0.196,0.078,0.134,0.109,0.072
COG_066,0.001,0.001,0.0,0.0,0.0,0.001,0.001,0.0,0.001,0.0,0.012,0.001,0.134,0.001,0.008,0.0,0.027,0.001,0.001,0.001,0.046,0.001,0.032,0.062,0.01,0.027,0.444,0.039,0.037,0.588,0.003,0.001,0.46,0.301,0.573,0.655,0.452,0.738,0.043,0.149,0.036,0.097,0.188,0.027,0.149,0.054,0.827,0.085,0.989,0.147,0.999,0.189,0.085,0.672,0.842,0.989,0.048,0.999,0.001,0.989,0.698,0.842,0.713,0.06,0.088,1.0,0.129,0.108,0.087,0.622,0.089,0.269,0.264,0.131,0.27,0.051,0.27,0.818,0.588,0.061,0.058,0.698,0.062,0.109,0.578,0.564,0.39,0.061,0.555,0.602,0.816
COG_067,0.164,0.145,0.177,0.125,0.137,0.169,0.173,0.184,0.168,0.137,0.065,0.155,0.301,0.141,0.088,0.284,0.351,0.176,0.229,0.137,0.424,0.241,0.383,0.469,0.349,0.378,0.35,0.392,0.318,0.265,0.314,0.165,0.338,0.304,0.268,0.225,0.343,0.171,0.414,0.25,0.314,0.339,0.3,0.371,0.25,0.301,0.112,0.571,0.128,0.25,0.129,0.3,0.572,0.216,0.116,0.128,0.553,0.129,0.147,0.128,0.154,0.116,0.149,0.078,0.586,0.129,1.0,0.087,0.586,0.22,0.594,0.278,0.276,0.271,0.281,0.075,0.28,0.116,0.157,0.076,0.075,0.154,0.076,0.098,0.156,0.155,0.194,0.076,0.156,0.138,0.113
COG_068,0.068,0.196,0.068,0.179,0.166,0.15,0.087,0.082,0.129,0.156,0.741,0.162,0.23,0.212,0.701,0.023,0.034,0.131,0.165,0.2,0.039,0.153,0.014,0.01,0.039,0.015,0.086,0.046,0.028,0.095,0.015,0.176,0.089,0.209,0.084,0.103,0.086,0.073,0.02,0.25,0.028,0.058,0.155,0.016,0.25,0.059,0.125,0.062,0.11,0.251,0.108,0.155,0.063,0.106,0.112,0.11,0.046,0.108,0.185,0.11,0.147,0.112,0.151,0.921,0.063,0.108,0.087,1.0,0.061,0.101,0.06,0.427,0.433,0.6,0.426,0.902,0.426,0.126,0.213,0.925,0.915,0.155,0.924,0.866,0.223,0.236,0.069,0.924,0.25,0.208,0.125
COG_069,0.271,0.335,0.305,0.219,0.227,0.356,0.373,0.329,0.36,0.224,0.089,0.32,0.329,0.291,0.123,0.422,0.395,0.368,0.444,0.318,0.429,0.463,0.486,0.573,0.368,0.47,0.326,0.383,0.332,0.219,0.405,0.343,0.31,0.247,0.228,0.196,0.316,0.15,0.407,0.197,0.33,0.26,0.233,0.414,0.197,0.244,0.075,0.972,0.083,0.196,0.087,0.233,0.973,0.187,0.081,0.083,0.379,0.087,0.319,0.082,0.095,0.081,0.089,0.078,0.994,0.087,0.586,0.061,1.0,0.193,0.99,0.038,0.038,0.046,0.038,0.077,0.038,0.072,0.132,0.076,0.077,0.093,0.075,0.081,0.133,0.13,0.197,0.076,0.134,0.108,0.071
COG_070,0.008,0.009,0.013,0.001,0.002,0.008,0.006,0.02,0.008,0.002,0.023,0.011,0.284,0.006,0.016,0.026,0.118,0.011,0.011,0.007,0.191,0.012,0.106,0.175,0.089,0.089,0.754,0.172,0.129,0.894,0.046,0.01,0.77,0.561,0.866,0.956,0.762,0.448,0.166,0.293,0.129,0.259,0.345,0.103,0.293,0.211,0.49,0.185,0.614,0.292,0.623,0.346,0.186,0.942,0.504,0.614,0.159,0.623,0.009,0.614,0.534,0.504,0.549,0.074,0.193,0.622,0.22,0.101,0.193,1.0,0.198,0.135,0.134,0.102,0.135,0.065,0.135,0.488,0.795,0.074,0.073,0.531,0.076,0.141,0.791,0.776,0.345,0.076,0.768,0.635,0.488
COG_071,0.263,0.328,0.299,0.213,0.221,0.349,0.365,0.322,0.353,0.218,0.086,0.312,0.328,0.284,0.12,0.416,0.394,0.361,0.437,0.311,0.429,0.455,0.483,0.574,0.364,0.469,0.331,0.383,0.329,0.224,0.403,0.336,0.315,0.251,0.232,0.201,0.321,0.153,0.407,0.198,0.327,0.264,0.234,0.411,0.198,0.245,0.078,0.966,0.085,0.197,0.089,0.234,0.967,0.192,0.083,0.085,0.384,0.089,0.312,0.084,0.097,0.083,0.093,0.077,0.988,0.089,0.594,0.06,0.99,0.198,1.0,0.037,0.037,0.046,0.037,0.076,0.037,0.074,0.135,0.075,0.076,0.095,0.074,0.08,0.136,0.133,0.197,0.075,0.137,0.112,0.074
COG_072,0.016,0.018,0.001,0.015,0.016,0.016,0.007,0.005,0.013,0.015,0.267,0.011,0.036,0.017,0.231,0.002,0.006,0.011,0.019,0.018,0.011,0.017,0.01,0.009,0.014,0.014,0.08,0.013,0.014,0.121,0.013,0.017,0.082,0.081,0.109,0.152,0.082,0.218,0.019,0.086,0.012,0.026,0.04,0.018,0.086,0.011,0.263,0.038,0.272,0.085,0.269,0.04,0.038,0.165,0.262,0.272,0.115,0.269,0.018,0.272,0.181,0.262,0.187,0.376,0.038,0.269,0.278,0.427,0.038,0.135,0.037,1.0,0.992,0.788,0.994,0.371,0.993,0.277,0.242,0.375,0.369,0.186,0.372,0.325,0.244,0.248,0.083,0.37,0.248,0.283,0.27
COG_073,0.015,0.018,0.001,0.016,0.017,0.016,0.007,0.005,0.013,0.016,0.273,0.011,0.036,0.018,0.237,0.002,0.006,0.011,0.019,0.018,0.01,0.017,0.01,0.009,0.013,0.014,0.079,0.012,0.013,0.12,0.012,0.017,0.081,0.081,0.108,0.148,0.081,0.214,0.018,0.086,0.012,0.025,0.04,0.017,0.086,0.011,0.258,0.038,0.267,0.085,0.264,0.04,0.038,0.161,0.257,0.267,0.114,0.264,0.018,0.267,0.179,0.257,0.185,0.382,0.038,0.264,0.276,0.433,0.038,0.134,0.037,0.992,1.0,0.796,0.986,0.377,0.989,0.272,0.239,0.381,0.375,0.184,0.378,0.331,0.241,0.245,0.08,0.376,0.246,0.28,0.265
COG_074,0.031,0.058,0.016,0.071,0.07,0.043,0.024,0.024,0.039,0.067,0.429,0.047,0.116,0.066,0.393,0.007,0.018,0.039,0.052,0.058,0.03,0.049,0.016,0.014,0.029,0.023,0.075,0.034,0.024,0.096,0.02,0.049,0.077,0.14,0.086,0.11,0.077,0.084,0.029,0.164,0.023,0.051,0.101,0.023,0.164,0.039,0.123,0.045,0.133,0.163,0.131,0.101,0.046,0.118,0.123,0.133,0.128,0.131,0.053,0.133,0.139,0.123,0.141,0.558,0.046,0.131,0.271,0.6,0.046,0.102,0.046,0.788,0.796,1.0,0.79,0.556,0.793,0.132,0.208,0.563,0.551,0.144,0.557,0.498,0.214,0.221,0.048,0.558,0.224,0.199,0.128
COG_075,0.016,0.017,0.001,0.015,0.016,0.015,0.007,0.005,0.013,0.015,0.266,0.011,0.036,0.016,0.23,0.002,0.006,0.01,0.018,0.017,0.011,0.016,0.01,0.009,0.014,0.014,0.08,0.013,0.014,0.121,0.013,0.016,0.082,0.081,0.109,0.152,0.082,0.219,0.019,0.086,0.012,0.026,0.04,0.018,0.086,0.011,0.264,0.038,0.273,0.085,0.27,0.04,0.038,0.165,0.263,0.273,0.115,0.27,0.017,0.273,0.182,0.263,0.188,0.375,0.038,0.27,0.281,0.426,0.038,0.135,0.037,0.994,0.986,0.79,1.0,0.369,0.997,0.276,0.242,0.374,0.368,0.187,0.371,0.324,0.244,0.248,0.083,0.369,0.248,0.283,0.271
COG_076,0.121,0.271,0.12,0.249,0.233,0.22,0.154,0.138,0.197,0.22,0.808,0.233,0.245,0.284,0.768,0.035,0.034,0.203,0.236,0.272,0.037,0.222,0.015,0.011,0.042,0.018,0.058,0.042,0.028,0.057,0.02,0.251,0.058,0.167,0.048,0.061,0.058,0.031,0.019,0.213,0.028,0.046,0.123,0.016,0.213,0.051,0.068,0.078,0.053,0.213,0.051,0.123,0.079,0.062,0.056,0.053,0.041,0.051,0.253,0.053,0.092,0.056,0.093,0.978,0.079,0.051,0.075,0.902,0.077,0.065,0.076,0.371,0.377,0.556,0.369,1.0,0.37,0.068,0.167,0.974,0.984,0.098,0.972,0.829,0.175,0.188,0.052,0.971,0.198,0.156,0.068
COG_077,0.016,0.017,0.001,0.015,0.016,0.015,0.007,0.005,0.013,0.015,0.266,0.011,0.036,0.016,0.23,0.002,0.006,0.01,0.018,0.017,0.011,0.016,0.01,0.009,0.014,0.014,0.08,0.013,0.014,0.121,0.013,0.016,0.082,0.081,0.109,0.152,0.082,0.219,0.019,0.086,0.012,0.026,0.04,0.018,0.086,0.011,0.264,0.038,0.273,0.085,0.27,0.04,0.038,0.165,0.263,0.273,0.115,0.27,0.017,0.273,0.182,0.263,0.188,0.375,0.038,0.27,0.28,0.426,0.038,0.135,0.037,0.993,0.989,0.793,0.997,0.37,1.0,0.276,0.242,0.374,0.368,0.187,0.371,0.324,0.244,0.248,0.083,0.369,0.248,0.283,0.271
COG_078,0.0,0.0,0.0,0.0,0.0,0.0,0.0,0.0,0.0,0.0,0.026,0.0,0.099,0.0,0.022,0.001,0.023,0.0,0.0,0.0,0.03,0.0,0.027,0.046,0.008,0.023,0.328,0.032,0.034,0.451,0.007,0.0,0.346,0.227,0.44,0.52,0.338,0.851,0.031,0.151,0.036,0.091,0.141,0.023,0.151,0.049,0.978,0.073,0.823,0.146,0.819,0.142,0.073,0.531,0.966,0.823,0.038,0.819,0.0,0.825,0.58,0.966,0.596,0.076,0.073,0.818,0.116,0.126,0.072,0.488,0.074,0.277,0.272,0.132,0.276,0.068,0.276,1.0,0.501,0.075,0.076,0.582,0.077,0.111,0.495,0.491,0.484,0.076,0.494,0.593,0.977
COG_079,0.003,0.008,0.004,0.003,0.003,0.005,0.003,0.008,0.005,0.003,0.088,0.008,0.193,0.005,0.063,0.01,0.053,0.007,0.009,0.007,0.094,0.009,0.051,0.095,0.033,0.048,0.572,0.08,0.066,0.698,0.025,0.008,0.586,0.419,0.672,0.776,0.578,0.403,0.082,0.214,0.066,0.142,0.214,0.048,0.214,0.111,0.488,0.129,0.582,0.212,0.589,0.215,0.129,0.79,0.477,0.582,0.079,0.589,0.008,0.583,0.431,0.477,0.449,0.175,0.132,0.588,0.157,0.213,0.132,0.795,0.135,0.242,0.239,0.208,0.242,0.167,0.242,0.501,1.0,0.175,0.174,0.433,0.177,0.246,0.987,0.971,0.279,0.176,0.956,0.82,0.507
COG_080,0.112,0.259,0.11,0.236,0.222,0.205,0.142,0.129,0.184,0.209,0.797,0.218,0.252,0.267,0.757,0.036,0.037,0.193,0.22,0.257,0.041,0.207,0.016,0.012,0.045,0.019,0.065,0.048,0.03,0.069,0.02,0.234,0.067,0.184,0.059,0.072,0.065,0.036,0.021,0.228,0.03,0.054,0.137,0.018,0.228,0.058,0.075,0.076,0.062,0.229,0.061,0.137,0.077,0.072,0.063,0.062,0.044,0.061,0.237,0.062,0.105,0.063,0.107,0.98,0.078,0.061,0.076,0.925,0.076,0.074,0.075,0.375,0.381,0.563,0.374,0.974,0.374,0.075,0.175,1.0,0.976,0.111,0.99,0.849,0.185,0.197,0.059,0.991,0.208,0.163,0.075
COG_081,0.116,0.265,0.118,0.238,0.224,0.216,0.148,0.134,0.193,0.212,0.803,0.225,0.249,0.276,0.764,0.033,0.037,0.197,0.231,0.266,0.04,0.217,0.016,0.011,0.045,0.017,0.064,0.045,0.029,0.065,0.018,0.248,0.065,0.176,0.056,0.069,0.064,0.037,0.02,0.221,0.029,0.049,0.131,0.017,0.221,0.054,0.076,0.078,0.06,0.221,0.058,0.131,0.079,0.069,0.064,0.06,0.042,0.058,0.249,0.06,0.1,0.064,0.101,0.99,0.079,0.058,0.075,0.915,0.077,0.073,0.076,0.369,0.375,0.551,0.368,0.984,0.368,0.076,0.174,0.976,1.0,0.106,0.982,0.842,0.183,0.196,0.058,0.981,0.208,0.163,0.076
COG_082,0.029,0.011,0.065,0.018,0.019,0.01,0.013,0.061,0.013,0.023,0.06,0.019,0.334,0.016,0.065,0.067,0.146,0.016,0.02,0.012,0.177,0.02,0.094,0.1,0.13,0.082,0.441,0.191,0.141,0.548,0.049,0.016,0.456,0.493,0.548,0.548,0.449,0.518,0.14,0.351,0.141,0.269,0.452,0.113,0.351,0.216,0.597,0.086,0.708,0.351,0.699,0.453,0.086,0.55,0.608,0.708,0.183,0.699,0.016,0.706,0.991,0.608,0.976,0.108,0.093,0.698,0.154,0.155,0.093,0.531,0.095,0.186,0.184,0.144,0.187,0.098,0.187,0.582,0.433,0.111,0.106,1.0,0.111,0.186,0.426,0.416,0.323,0.114,0.411,0.402,0.575
COG_083,0.113,0.26,0.11,0.237,0.223,0.206,0.141,0.132,0.184,0.21,0.802,0.223,0.251,0.27,0.76,0.035,0.037,0.193,0.22,0.262,0.042,0.206,0.016,0.012,0.045,0.019,0.066,0.049,0.03,0.07,0.02,0.238,0.068,0.184,0.06,0.073,0.066,0.037,0.021,0.228,0.03,0.052,0.137,0.018,0.228,0.057,0.077,0.075,0.064,0.229,0.062,0.137,0.076,0.073,0.065,0.064,0.044,0.062,0.241,0.064,0.105,0.065,0.107,0.982,0.077,0.062,0.076,0.924,0.075,0.076,0.074,0.372,0.378,0.557,0.371,0.972,0.371,0.077,0.177,0.99,0.982,0.111,1.0,0.85,0.187,0.2,0.059,0.995,0.211,0.166,0.077
COG_084,0.083,0.221,0.1,0.209,0.196,0.171,0.106,0.118,0.149,0.186,0.715,0.193,0.318,0.239,0.701,0.038,0.062,0.154,0.188,0.226,0.077,0.176,0.034,0.026,0.073,0.036,0.133,0.09,0.057,0.141,0.032,0.203,0.135,0.284,0.128,0.137,0.132,0.065,0.04,0.328,0.057,0.096,0.229,0.027,0.328,0.097,0.111,0.08,0.113,0.329,0.109,0.229,0.081,0.139,0.098,0.113,0.08,0.109,0.215,0.113,0.18,0.098,0.181,0.846,0.083,0.109,0.098,0.866,0.081,0.141,0.08,0.325,0.331,0.498,0.324,0.829,0.324,0.111,0.246,0.849,0.842,0.186,0.85,1.0,0.256,0.269,0.105,0.85,0.28,0.218,0.109
COG_085,0.003,0.008,0.004,0.003,0.003,0.005,0.003,0.008,0.005,0.003,0.091,0.008,0.191,0.005,0.067,0.009,0.053,0.007,0.01,0.007,0.093,0.01,0.05,0.093,0.033,0.047,0.569,0.08,0.065,0.694,0.025,0.008,0.583,0.419,0.668,0.771,0.575,0.398,0.081,0.217,0.065,0.139,0.212,0.046,0.217,0.11,0.483,0.129,0.572,0.215,0.579,0.213,0.13,0.781,0.472,0.572,0.08,0.579,0.008,0.573,0.424,0.472,0.442,0.184,0.133,0.578,0.156,0.223,0.133,0.791,0.136,0.244,0.241,0.214,0.244,0.175,0.244,0.495,0.987,0.185,0.183,0.426,0.187,0.256,1.0,0.984,0.276,0.186,0.969,0.817,0.501
COG_086,0.003,0.008,0.004,0.003,0.003,0.005,0.003,0.008,0.005,0.003,0.1,0.008,0.19,0.005,0.076,0.009,0.052,0.007,0.01,0.007,0.092,0.01,0.049,0.09,0.033,0.047,0.559,0.079,0.064,0.679,0.025,0.008,0.573,0.416,0.653,0.756,0.565,0.392,0.08,0.22,0.064,0.137,0.21,0.045,0.22,0.108,0.479,0.126,0.56,0.218,0.565,0.211,0.127,0.766,0.468,0.56,0.079,0.565,0.008,0.561,0.414,0.468,0.432,0.197,0.13,0.564,0.155,0.236,0.13,0.776,0.133,0.248,0.245,0.221,0.248,0.188,0.248,0.491,0.971,0.197,0.196,0.416,0.2,0.269,0.984,1.0,0.276,0.199,0.981,0.825,0.497
COG_087,0.057,0.016,0.09,0.065,0.075,0.017,0.036,0.056,0.021,0.082,0.039,0.04,0.218,0.026,0.042,0.198,0.398,0.032,0.027,0.016,0.319,0.035,0.368,0.273,0.249,0.276,0.339,0.375,0.42,0.366,0.233,0.018,0.346,0.301,0.35,0.363,0.345,0.578,0.291,0.438,0.424,0.402,0.346,0.27,0.438,0.408,0.492,0.192,0.397,0.433,0.391,0.347,0.192,0.357,0.5,0.397,0.282,0.391,0.015,0.399,0.327,0.5,0.323,0.056,0.196,0.39,0.194,0.069,0.197,0.345,0.197,0.083,0.08,0.048,0.083,0.052,0.083,0.484,0.279,0.059,0.058,0.323,0.059,0.105,0.276,0.276,1.0,0.059,0.278,0.34,0.483
COG_088,0.113,0.261,0.111,0.234,0.22,0.207,0.141,0.132,0.184,0.207,0.798,0.22,0.253,0.267,0.756,0.036,0.037,0.193,0.219,0.26,0.042,0.206,0.016,0.012,0.046,0.019,0.066,0.049,0.03,0.07,0.02,0.237,0.068,0.186,0.06,0.073,0.066,0.036,0.021,0.229,0.03,0.053,0.14,0.018,0.229,0.057,0.076,0.076,0.063,0.23,0.061,0.14,0.077,0.073,0.064,0.063,0.044,0.061,0.24,0.063,0.108,0.064,0.11,0.979,0.078,0.061,0.076,0.924,0.076,0.076,0.075,0.37,0.376,0.558,0.369,0.971,0.369,0.076,0.176,0.991,0.981,0.114,0.995,0.85,0.186,0.199,0.059,1.0,0.21,0.165,0.076
COG_089,0.003,0.007,0.003,0.002,0.002,0.005,0.003,0.007,0.005,0.002,0.108,0.007,0.192,0.004,0.084,0.008,0.05,0.006,0.01,0.006,0.091,0.01,0.048,0.089,0.032,0.045,0.556,0.078,0.063,0.671,0.025,0.007,0.569,0.42,0.646,0.748,0.561,0.392,0.079,0.227,0.062,0.136,0.21,0.044,0.227,0.107,0.48,0.132,0.551,0.225,0.556,0.211,0.133,0.758,0.469,0.551,0.078,0.556,0.007,0.552,0.409,0.469,0.427,0.209,0.134,0.555,0.156,0.25,0.134,0.768,0.137,0.248,0.246,0.224,0.248,0.198,0.248,0.494,0.956,0.208,0.208,0.411,0.211,0.28,0.969,0.981,0.278,0.21,1.0,0.821,0.498
COG_090,0.002,0.005,0.002,0.003,0.003,0.003,0.002,0.005,0.003,0.003,0.079,0.005,0.131,0.002,0.058,0.006,0.032,0.004,0.007,0.004,0.059,0.007,0.047,0.066,0.018,0.047,0.436,0.051,0.051,0.542,0.026,0.005,0.45,0.308,0.513,0.618,0.442,0.495,0.056,0.159,0.051,0.088,0.137,0.036,0.159,0.058,0.578,0.109,0.596,0.155,0.601,0.138,0.109,0.635,0.567,0.596,0.057,0.601,0.005,0.597,0.4,0.567,0.418,0.164,0.109,0.602,0.138,0.208,0.108,0.635,0.112,0.283,0.28,0.199,0.283,0.156,0.283,0.593,0.82,0.163,0.163,0.402,0.166,0.218,0.817,0.825,0.34,0.165,0.821,1.0,0.607
COG_091,0.0,0.0,0.0,0.0,0.0,0.0,0.0,0.0,0.0,0.0,0.027,0.0,0.097,0.0,0.023,0.001,0.021,0.0,0.0,0.0,0.029,0.0,0.027,0.045,0.006,0.022,0.33,0.028,0.033,0.451,0.006,0.0,0.348,0.223,0.44,0.52,0.34,0.845,0.029,0.146,0.035,0.087,0.136,0.02,0.146,0.045,0.971,0.072,0.821,0.141,0.817,0.137,0.072,0.531,0.956,0.821,0.035,0.817,0.0,0.823,0.573,0.956,0.588,0.076,0.072,0.816,0.113,0.125,0.071,0.488,0.074,0.27,0.265,0.128,0.271,0.068,0.271,0.977,0.507,0.075,0.076,0.575,0.077,0.109,0.501,0.497,0.483,0.076,0.498,0.607,1.0
