item_id,cluster,probability
COG_001,3,0.684
COG_002,3,0.7893529411764706
COG_003,3,0.6825294117647058
COG_004,3,0.6924705882352941
COG_005,3,0.685764705882353
COG_006,3,0.7928235294117647
COG_007,3,0.7623529411764707
COG_008,3,0.7336470588235294
COG_009,3,0.792
COG_010,3,0.6765882352941176
COG_011,2,0.6219285714285714
COG_012,3,0.7844705882352941
COG_013,1,0.41209090909090923
COG_014,3,0.7707058823529412
COG_015,2,0.5878571428571429
COG_016,1,0.5050909090909091
COG_017,1,0.6317272727272727
COG_018,3,0.7985294117647058
COG_019,3,0.7711176470588236
COG_020,3,0.7855882352941177
COG_021,1,0.6529090909090909
COG_022,3,0.7605294117647058
COG_023,1,0.5734545454545454
COG_024,1,0.5381818181818182
COG_025,1,0.5976363636363635
COG_026,1,0.5275909090909091
COG_027,0,0.5341785714285714
COG_028,1,0.6561363636363636
COG_029,1,0.6305454545454546
COG_030,0,0.6335357142857143
COG_031,1,0.47177272727272723
COG_032,3,0.7983529411764706
COG_033,0,0.5484285714285714
COG_034,1,0.42486363636363644
COG_035,0,0.6191071428571429
COG_036,0,0.6691071428571428
COG_037,0,0.5420357142857143
COG_038,0,0.5834642857142857
COG_039,1,0.6051818181818183
COG_040,1,0.523590909090909
COG_041,1,0.6288636363636364
COG_042,1,0.5632272727272727
COG_043,1,0.5518181818181819
COG_044,1,0.5854090909090909
COG_045,1,0.5235909090909091
COG_046,1,0.5858636363636364
COG_047,0,0.6443214285714286
COG_048,4,0.8972
COG_049,0,0.7026428571428571
COG_050,1,0.5244999999999999
COG_051,0,0.7043928571428573
COG_052,1,0.5512727272727272
COG_053,4,0.8979999999999999
COG_054,0,0.673
COG_055,0,0.6509999999999999
COG_056,0,0.7026428571428571
COG_057,1,0.588590909090909
COG_058,0,0.7043928571428569
COG_059,3,0.7951764705882353
COG_060,0,0.7030357142857143
COG_061,0,0.5778571428571428
COG_062,0,0.651
COG_063,0,0.5890000000000001
COG_064,2,0.7367142857142858
COG_065,4,0.905
COG_066,0,0.7035714285714285
COG_067,4,0.5817999999999999
COG_068,2,0.723642857142857
COG_069,4,0.9029999999999999
COG_070,0,0.6535714285714286
COG_071,4,0.901
COG_072,2,0.5178571428571429
COG_073,2,0.5218571428571429
COG_074,2,0.6021428571428572
COG_075,2,0.5170714285714285
COG_076,2,0.7306428571428573
COG_077,2,0.5175
COG_078,0,0.6401071428571428
COG_079,0,0.6128214285714285
COG_080,2,0.7361428571428571
COG_081,2,0.7334285714285714
COG_082,0,0.5769642857142857
COG_083,2,0.7361428571428571
COG_084,2,0.6535714285714285
COG_085,0,0.60825
COG_086,0,0.5998571428571429
COG_087,0,0.3798214285714286
COG_088,2,0.7347857142857143
COG_089,0,0.5947142857142859
COG_090,0,0.5755
COG_091,0,0.6391785714285715
