item_id,Factor_1,Factor_2,Factor_3,Factor_4,Factor_5
COG_001,0.212,0.176,0.21,0.21,0.192
COG_002,0.23,0.186,0.197,0.204,0.183
COG_003,0.195,0.194,0.218,0.214,0.179
COG_004,0.226,0.177,0.199,0.207,0.191
COG_005,0.219,0.177,0.213,0.21,0.181
COG_006,0.229,0.18,0.197,0.212,0.182
COG_007,0.215,0.181,0.201,0.21,0.193
COG_008,0.202,0.185,0.218,0.219,0.176
COG_009,0.222,0.186,0.199,0.211,0.182
COG_010,0.217,0.181,0.209,0.208,0.185
COG_011,0.224,0.204,0.199,0.179,0.194
COG_012,0.225,0.193,0.205,0.205,0.172
COG_013,0.195,0.216,0.19,0.212,0.187
COG_014,0.223,0.181,0.203,0.214,0.179
COG_015,0.212,0.206,0.2,0.182,0.2
COG_016,0.19,0.207,0.217,0.215,0.171
COG_017,0.191,0.218,0.202,0.199,0.19
COG_018,0.226,0.187,0.2,0.207,0.18
COG_019,0.222,0.188,0.191,0.211,0.188
COG_020,0.227,0.184,0.199,0.208,0.182
COG_021,0.187,0.215,0.205,0.209,0.184
COG_022,0.215,0.189,0.194,0.211,0.191
COG_023,0.194,0.217,0.201,0.199,0.189
COG_024,0.192,0.22,0.205,0.212,0.171
COG_025,0.187,0.205,0.198,0.225,0.185
COG_026,0.198,0.208,0.204,0.195,0.195
COG_027,0.199,0.22,0.192,0.214,0.175
COG_028,0.185,0.211,0.208,0.196,0.2
COG_029,0.202,0.211,0.203,0.187,0.197
COG_030,0.202,0.214,0.19,0.21,0.184
COG_031,0.198,0.202,0.211,0.199,0.19
COG_032,0.226,0.182,0.197,0.213,0.182
COG_033,0.201,0.216,0.195,0.212,0.176
COG_034,0.192,0.215,0.196,0.209,0.188
COG_035,0.2,0.212,0.197,0.212,0.179
COG_036,0.198,0.217,0.192,0.211,0.182
COG_037,0.2,0.219,0.192,0.214,0.175
COG_038,0.195,0.192,0.207,0.201,0.205
COG_039,0.192,0.213,0.197,0.209,0.189
COG_040,0.186,0.222,0.179,0.2,0.213
COG_041,0.2,0.21,0.204,0.187,0.199
COG_042,0.189,0.215,0.187,0.213,0.196
COG_043,0.185,0.212,0.196,0.212,0.195
COG_044,0.194,0.213,0.202,0.203,0.188
COG_045,0.186,0.222,0.179,0.2,0.213
COG_046,0.195,0.215,0.191,0.2,0.199
COG_047,0.197,0.194,0.203,0.198,0.208
COG_048,0.188,0.206,0.211,0.215,0.18
COG_049,0.204,0.203,0.193,0.204,0.196
COG_050,0.188,0.221,0.18,0.198,0.213
COG_051,0.207,0.2,0.194,0.204,0.195
COG_052,0.186,0.212,0.195,0.212,0.195
COG_053,0.188,0.206,0.211,0.214,0.181
COG_054,0.196,0.219,0.191,0.213,0.181
COG_055,0.199,0.196,0.201,0.203,0.201
COG_056,0.204,0.203,0.193,0.204,0.196
COG_057,0.186,0.21,0.193,0.213,0.198
COG_058,0.207,0.2,0.194,0.204,0.195
COG_059,0.229,0.178,0.196,0.215,0.182
COG_060,0.204,0.203,0.193,0.204,0.196
COG_061,0.19,0.216,0.19,0.208,0.196
COG_062,0.199,0.196,0.201,0.203,0.201
COG_063,0.193,0.216,0.189,0.199,0.203
COG_064,0.213,0.236,0.178,0.18,0.193
COG_065,0.184,0.208,0.207,0.221,0.18
COG_066,0.206,0.201,0.194,0.204,0.195
COG_067,0.186,0.2,0.18,0.222,0.212
COG_068,0.21,0.229,0.187,0.182,0.192
COG_069,0.184,0.208,0.21,0.218,0.18
COG_070,0.204,0.213,0.194,0.204,0.185
COG_071,0.185,0.209,0.207,0.218,0.181
COG_072,0.173,0.206,0.193,0.198,0.23
COG_073,0.172,0.206,0.194,0.197,0.231
COG_074,0.186,0.216,0.185,0.201,0.212
COG_075,0.175,0.204,0.193,0.196,0.232
COG_076,0.216,0.233,0.177,0.181,0.193
COG_077,0.173,0.205,0.192,0.197,0.233
COG_078,0.196,0.194,0.204,0.201,0.205
COG_079,0.195,0.207,0.203,0.194,0.201
COG_080,0.213,0.235,0.177,0.181,0.194
COG_081,0.215,0.235,0.18,0.179,0.191
COG_082,0.189,0.219,0.19,0.203,0.199
COG_083,0.211,0.234,0.182,0.181,0.192
COG_084,0.209,0.222,0.19,0.184,0.195
COG_085,0.196,0.205,0.204,0.193,0.202
COG_086,0.197,0.203,0.202,0.192,0.206
COG_087,0.192,0.225,0.178,0.208,0.197
COG_088,0.212,0.237,0.181,0.18,0.19
COG_089,0.195,0.199,0.202,0.199,0.205
COG_090,0.187,0.194,0.195,0.208,0.216
COG_091,0.195,0.199,0.202,0.196,0.208
