run,inertia,silhouette
0,38.612586975097656,0.07955185323953629
1,37.75714111328125,0.08076053857803345
2,37.67938232421875,0.08309510350227356
3,38.16796875,0.07231578975915909
4,37.64746856689453,0.07739605009555817
5,36.61871337890625,0.08625370264053345
6,37.27931213378906,0.08720442652702332
7,36.119205474853516,0.09917494654655457
8,37.26918411254883,0.08871884644031525
9,39.83292770385742,0.06717848777770996
10,37.360069274902344,0.07215515524148941
11,37.98126983642578,0.07872995734214783
12,36.925716400146484,0.08562378585338593
13,36.57293701171875,0.09751046448945999
14,36.53361129760742,0.09444887191057205
15,37.81629943847656,0.08563002198934555
16,37.08708953857422,0.08867699652910233
17,38.18761444091797,0.05674000084400177
18,37.90003967285156,0.08496271073818207
19,37.070865631103516,0.09229886531829834
20,36.74550247192383,0.08683129400014877
21,38.91813659667969,0.056287188082933426
22,39.37825012207031,0.07101954519748688
23,38.35943603515625,0.07194440066814423
24,38.04018783569336,0.06804491579532623
25,36.24736022949219,0.10540307313203812
26,35.9735107421875,0.11878511309623718
27,36.58279037475586,0.09990976005792618
28,38.05507278442383,0.08946674317121506
29,38.48372268676758,0.07962241768836975
30,36.99198532104492,0.08093852549791336
31,37.04910659790039,0.09250833839178085
32,37.29498291015625,0.08855272829532623
33,36.40095520019531,0.09758034348487854
34,38.5355339050293,0.07564806938171387
35,36.8525276184082,0.10158852487802505
36,36.2671012878418,0.1130947470664978
37,37.68374252319336,0.08000969886779785
38,38.908164978027344,0.06676359474658966
39,38.584320068359375,0.06541286408901215
40,36.36417770385742,0.1025114506483078
41,36.95710754394531,0.09047776460647583
42,37.40779113769531,0.09299024939537048
43,36.11408233642578,0.09694972634315491
44,36.44791030883789,0.104218490421772
45,37.73394775390625,0.08018316328525543
46,37.48393249511719,0.08744784444570541
47,35.86251449584961,0.1131177619099617
48,36.611080169677734,0.10091423988342285
49,36.315223693847656,0.0954604521393776
50,38.64506912231445,0.07745029032230377
51,39.0798225402832,0.059140708297491074
52,36.77423858642578,0.1078127846121788
53,37.63744354248047,0.09040766209363937
54,39.873085021972656,0.07119476050138474
55,36.50094985961914,0.08465821295976639
56,37.860042572021484,0.07587357610464096
57,37.51015090942383,0.08388031274080276
58,38.12162399291992,0.07225020974874496
59,36.24042892456055,0.0962313860654831
60,35.313148498535156,0.1133492961525917
61,36.448951721191406,0.09193011373281479
62,36.33568572998047,0.1018417477607727
63,36.51666259765625,0.09455078095197678
64,38.56340789794922,0.08355817198753357
65,37.236305236816406,0.0850447490811348
66,35.91606140136719,0.10387925803661346
67,37.19573211669922,0.09471786767244339
68,36.599517822265625,0.09681840986013412
69,36.768680572509766,0.09617088735103607
70,36.992496490478516,0.09303491562604904
71,36.34065246582031,0.0892489105463028
72,38.82433319091797,0.07867948710918427
73,39.191566467285156,0.060745060443878174
74,35.93128204345703,0.11190112680196762
75,35.928245544433594,0.10334406048059464
76,36.74168014526367,0.1001686379313469
77,37.77601623535156,0.07985000312328339
78,35.83552932739258,0.11165877431631088
79,37.53785705566406,0.10707244277000427
80,36.41850280761719,0.10525999963283539
81,36.97343444824219,0.09066653996706009
82,38.82760238647461,0.07895445823669434
83,35.976531982421875,0.10290065407752991
84,36.945743560791016,0.08715055882930756
85,36.49080276489258,0.09173315018415451
86,37.312652587890625,0.08797044306993484
87,37.15288162231445,0.09327936917543411
88,36.449031829833984,0.09842043370008469
89,38.931461334228516,0.07536207139492035
90,36.45486831665039,0.08475463837385178
91,36.77690887451172,0.08951444178819656
92,36.916259765625,0.09113004803657532
93,36.668907165527344,0.09906112402677536
94,38.6652717590332,0.07694398611783981
95,36.02035903930664,0.09303873777389526
96,38.037696838378906,0.06628358364105225
97,37.36666488647461,0.09833645820617676
98,39.43511199951172,0.07942129671573639
99,35.72943878173828,0.10902278125286102
100,37.93474578857422,0.09210217744112015
101,36.312538146972656,0.09318514168262482
102,35.82324981689453,0.11156664043664932
103,37.23630142211914,0.0955314040184021
104,36.40390396118164,0.09940317273139954
105,37.901851654052734,0.07550937682390213
106,37.57777404785156,0.089445561170578
107,36.4934196472168,0.10854580998420715
108,36.89803695678711,0.09040657430887222
109,35.98107147216797,0.10777726769447327
110,37.956668853759766,0.08410361409187317
111,36.80025100708008,0.09194526076316833
112,37.58883285522461,0.08584440499544144
113,38.11915969848633,0.05649552121758461
114,37.095947265625,0.09367133677005768
115,36.20087432861328,0.10462366789579391
116,37.78742218017578,0.08563496172428131
117,36.709068298339844,0.09264028072357178
118,37.45296859741211,0.07590371370315552
119,37.110347747802734,0.0930769145488739
120,38.720916748046875,0.07147463411092758
121,36.785430908203125,0.0885259285569191
122,37.336429595947266,0.08989798277616501
123,37.96257019042969,0.07799334079027176
124,37.80599594116211,0.09412950277328491
125,39.04005813598633,0.055032599717378616
126,38.05642318725586,0.07450079917907715
127,36.95602798461914,0.09545078128576279
128,38.886688232421875,0.06468204408884048
129,37.27370071411133,0.09064501523971558
130,38.3253288269043,0.08005639165639877
131,38.900115966796875,0.06785085797309875
132,38.212791442871094,0.07701783627271652
133,39.426300048828125,0.06534133851528168
134,36.789947509765625,0.09214910864830017
135,35.6728401184082,0.11439967155456543
136,37.92108917236328,0.06838393211364746
137,36.71788787841797,0.09299397468566895
138,36.26927185058594,0.1011294275522232
139,35.9218635559082,0.10496951639652252
140,37.68891143798828,0.09633518755435944
141,38.998985290527344,0.05063959211111069
142,35.56095886230469,0.12016536295413971
143,37.884029388427734,0.08418212085962296
144,38.06865692138672,0.0775592029094696
145,38.12592697143555,0.0834294855594635
146,38.65380096435547,0.06390612572431564
147,37.37448501586914,0.09237122535705566
148,37.93122863769531,0.08314298093318939
149,37.02840042114258,0.10659743845462799
150,35.67057800292969,0.11147106438875198
151,37.02289581298828,0.09819350391626358
152,37.68057632446289,0.09298154711723328
153,38.41120910644531,0.07156491279602051
154,38.810604095458984,0.0656886026263237
155,35.817054748535156,0.10809560865163803
156,37.17177963256836,0.08868435770273209
157,36.47445297241211,0.1005764827132225
158,37.21744155883789,0.09158039838075638
159,37.66989517211914,0.0958336666226387
160,36.574073791503906,0.09125067293643951
161,37.14265060424805,0.08323420584201813
162,35.681663513183594,0.11889705806970596
163,38.13100814819336,0.08832923322916031
164,37.177181243896484,0.0944356694817543
165,37.199424743652344,0.09010820090770721
166,35.48222732543945,0.11765595525503159
167,36.83515930175781,0.0910601019859314
168,36.61919403076172,0.09055376797914505
169,36.25911331176758,0.10397620499134064
170,38.501564025878906,0.06756885349750519
171,35.990135192871094,0.10485417395830154
172,37.00129699707031,0.09184866398572922
173,37.118873596191406,0.0879141315817833
174,38.5541877746582,0.06423518061637878
175,36.20686721801758,0.10072174668312073
176,36.64783477783203,0.10240539908409119
177,37.16466522216797,0.09465810656547546
178,37.43794250488281,0.08780552446842194
179,36.61549377441406,0.10323429107666016
180,35.94656753540039,0.10140671581029892
181,36.24031448364258,0.1027284488081932
182,36.60281753540039,0.10199125856161118
183,36.34347915649414,0.10731826722621918
184,37.56684494018555,0.07588674128055573
185,36.86307144165039,0.09500442445278168
186,37.504234313964844,0.09095238894224167
187,36.61791229248047,0.09933963418006897
188,36.98814392089844,0.09397092461585999
189,39.86909484863281,0.06913743913173676
190,36.3607177734375,0.10006410628557205
191,37.020355224609375,0.09357666224241257
192,37.65631103515625,0.07946743071079254
193,37.983741760253906,0.07331103086471558
194,36.26479721069336,0.09780211746692657
195,36.5336799621582,0.09961047768592834
196,37.05702209472656,0.07782954722642899
197,37.047767639160156,0.09552589803934097
198,36.40898513793945,0.09491773694753647
199,36.4451789855957,0.09615318477153778
200,39.48251724243164,0.07347220182418823
201,36.27520751953125,0.11133046448230743
202,36.43075180053711,0.09640059620141983
203,38.594390869140625,0.07393399626016617
204,37.52788543701172,0.06935367733240128
205,36.063663482666016,0.10299830138683319
206,36.802974700927734,0.08830256015062332
207,38.498714447021484,0.08401153236627579
208,35.987884521484375,0.10563291609287262
209,38.14152908325195,0.10146617144346237
210,36.65415954589844,0.08912686258554459
211,37.28977966308594,0.10293055325746536
212,38.5035514831543,0.07653440535068512
213,36.151878356933594,0.10147945582866669
214,36.8360481262207,0.10224563628435135
215,36.60547637939453,0.09172439575195312
216,37.81465530395508,0.084501713514328
217,35.95405197143555,0.10974634438753128
218,36.65528106689453,0.10214346647262573
219,36.89470672607422,0.08308809250593185
220,38.123714447021484,0.07476432621479034
221,36.85622024536133,0.08640911430120468
222,37.13716506958008,0.08534277975559235
223,38.617881774902344,0.0692322701215744
224,37.86516189575195,0.09734240919351578
225,38.1258544921875,0.07019763439893723
226,36.971038818359375,0.08769887685775757
227,37.96843338012695,0.07551416754722595
228,37.391780853271484,0.09185970574617386
229,35.9969482421875,0.10507616400718689
230,36.62081527709961,0.10019975155591965
231,37.3028678894043,0.10116234421730042
232,38.346309661865234,0.06283973902463913
233,38.54023742675781,0.06149718165397644
234,36.89081573486328,0.08587238937616348
235,37.37962341308594,0.07888588309288025
236,36.95793914794922,0.09385668486356735
237,35.815147399902344,0.11254499107599258
238,37.7215461730957,0.06960555166006088
239,37.78593826293945,0.08139505237340927
240,36.49590301513672,0.10743207484483719
241,37.7750358581543,0.09372236579656601
242,36.726863861083984,0.09428787231445312
243,36.93870162963867,0.09336862713098526
244,37.99540710449219,0.0626412108540535
245,36.88510513305664,0.09181162714958191
246,37.03955078125,0.08452093601226807
247,38.63972854614258,0.06102607026696205
248,37.002525329589844,0.08249601721763611
249,36.660587310791016,0.09508846700191498
250,37.8795166015625,0.07737123221158981
251,37.35334777832031,0.08647651225328445
252,38.89326858520508,0.06540565937757492
253,37.249305725097656,0.07599453628063202
254,38.05891799926758,0.07981429994106293
255,37.585472106933594,0.09397761523723602
256,37.432071685791016,0.09418347477912903
257,35.7751579284668,0.109792061150074
258,37.57530975341797,0.08286061882972717
259,36.160972595214844,0.10173135250806808
260,38.77812957763672,0.059939488768577576
261,35.71529769897461,0.1105148121714592
262,35.7042121887207,0.11629921197891235
263,36.52985763549805,0.09893389046192169
264,36.516197204589844,0.10089541971683502
265,37.781829833984375,0.07890442758798599
266,39.79187774658203,0.07681034505367279
267,38.17802047729492,0.07786336541175842
268,37.68470764160156,0.07997561246156693
269,36.88152313232422,0.10692153126001358
270,36.86458206176758,0.09534065425395966
271,37.43534851074219,0.09123565256595612
272,36.99641418457031,0.08223535865545273
273,37.82935333251953,0.08553070574998856
274,36.97406768798828,0.09055671840906143
275,38.450016021728516,0.07059601694345474
276,36.885562896728516,0.0966656431555748
277,36.22573471069336,0.09507555514574051
278,37.14179992675781,0.09001940488815308
279,36.53876876831055,0.10882392525672913
280,38.582275390625,0.07700648158788681
281,39.265384674072266,0.05966559052467346
282,36.170509338378906,0.10154028981924057
283,35.553070068359375,0.11080832779407501
284,36.13420867919922,0.10139859467744827
285,36.23152160644531,0.10239168256521225
286,36.742462158203125,0.09515638649463654
287,36.230491638183594,0.09535849094390869
288,37.6094970703125,0.06132068112492561
289,36.24653244018555,0.11272397637367249
290,36.01601028442383,0.1091807410120964
291,38.240386962890625,0.06767065823078156
292,38.889320373535156,0.06995847821235657
293,39.145809173583984,0.060431502759456635
294,37.92934036254883,0.08814394474029541
295,36.90336227416992,0.0921415388584137
296,36.916465759277344,0.08975374698638916
297,36.63899230957031,0.08984524756669998
298,36.945068359375,0.09457525610923767
299,37.12641143798828,0.09793921560049057
300,37.659446716308594,0.08959496766328812
301,37.961822509765625,0.0823184996843338
302,35.66926956176758,0.1152387484908104
303,36.42158889770508,0.10718267410993576
304,36.16229248046875,0.10674095153808594
305,38.48638916015625,0.06537122279405594
306,36.662147521972656,0.10009285807609558
307,37.53539276123047,0.09581594169139862
308,37.5627555847168,0.07566691190004349
309,36.84202194213867,0.09854330122470856
310,37.82084274291992,0.088436558842659
311,38.57273864746094,0.08061420172452927
312,37.998390197753906,0.08230278640985489
313,37.71661376953125,0.08430451154708862
314,37.8265380859375,0.08883177489042282
315,35.936405181884766,0.10948817431926727
316,36.59157180786133,0.09598294645547867
317,36.436370849609375,0.0992172583937645
318,38.81071853637695,0.0624210387468338
319,37.50730895996094,0.07810996472835541
320,36.45436477661133,0.0979374349117279
321,37.629173278808594,0.07581974565982819
322,37.50544357299805,0.0915621668100357
323,35.959712982177734,0.10566888749599457
324,38.069732666015625,0.07682596147060394
325,38.374114990234375,0.0765114575624466
326,38.24451446533203,0.0729261264204979
327,38.062744140625,0.076904296875
328,37.5772819519043,0.0854991003870964
329,37.9925537109375,0.07451006025075912
330,37.914955139160156,0.07798755168914795
331,37.16693878173828,0.08347746729850769
332,36.53474807739258,0.09865964949131012
333,37.50316619873047,0.10291160643100739
334,38.628665924072266,0.06958726793527603
335,38.19075393676758,0.08457022905349731
336,39.520477294921875,0.06143999472260475
337,37.61852264404297,0.07926715165376663
338,38.510047912597656,0.07348156720399857
339,38.16918182373047,0.07756214588880539
340,37.47831726074219,0.08522369712591171
341,36.857948303222656,0.09856703877449036
342,37.88297653198242,0.08145985752344131
343,36.80097579956055,0.09596652537584305
344,38.187923431396484,0.06692058593034744
345,38.61479568481445,0.07184533774852753
346,37.57878875732422,0.07771134376525879
347,36.09988021850586,0.10663779824972153
348,37.298248291015625,0.0881349965929985
349,37.23867416381836,0.09054552763700485
350,37.337791442871094,0.07990746200084686
351,37.751609802246094,0.09871732443571091
352,36.23564910888672,0.11028897762298584
353,36.473175048828125,0.10280150920152664
354,37.01957321166992,0.09394581615924835
355,38.97935485839844,0.06746570765972137
356,37.72018814086914,0.08026465028524399
357,36.3452033996582,0.10403233766555786
358,35.86622619628906,0.1040269210934639
359,36.395896911621094,0.10853401571512222
360,38.078330993652344,0.1044565737247467
361,36.327552795410156,0.10334550589323044
362,38.280357360839844,0.07848156243562698
363,36.201942443847656,0.10896890610456467
364,38.99290084838867,0.06545373052358627
365,37.14305114746094,0.08635804057121277
366,36.232051849365234,0.10942977666854858
367,38.365848541259766,0.079328253865242
368,35.846248626708984,0.1117316409945488
369,37.25417709350586,0.10453430563211441
370,38.03112030029297,0.0848974734544754
371,36.16204071044922,0.1004670038819313
372,37.84320831298828,0.0855279341340065
373,35.54206466674805,0.11144516617059708
374,37.81673049926758,0.07902316004037857
375,37.07200622558594,0.09658630192279816
376,36.705650329589844,0.09516706317663193
377,36.12517547607422,0.10971041768789291
378,37.35219955444336,0.08811341971158981
379,37.01537322998047,0.09568439424037933
380,37.20178985595703,0.09175453335046768
381,37.696136474609375,0.08415976911783218
382,36.15771484375,0.10380367934703827
383,36.41017532348633,0.09586115181446075
384,36.169219970703125,0.1102018877863884
385,38.03661346435547,0.09212207049131393
386,37.39759063720703,0.07546157389879227
387,37.05398178100586,0.08609509468078613
388,37.06976318359375,0.09765294194221497
389,37.62355041503906,0.08476395905017853
390,36.01525115966797,0.10663089901208878
391,38.86711883544922,0.06381911784410477
392,36.670780181884766,0.0887899175286293
393,35.91621398925781,0.10812173783779144
394,36.152156829833984,0.09924262762069702
395,37.31951141357422,0.08850858360528946
396,36.651283264160156,0.10483470559120178
397,38.63090133666992,0.06211679428815842
398,36.54560470581055,0.10200034826993942
399,36.56325149536133,0.0966532900929451
400,37.14844512939453,0.08451786637306213
401,36.00328826904297,0.11173927038908005
402,38.1551399230957,0.07283815741539001
403,37.56679153442383,0.0857716053724289
404,36.24884033203125,0.11256038397550583
405,37.40529251098633,0.0819348692893982
406,35.87405776977539,0.10979530960321426
407,37.08827590942383,0.0967305451631546
408,36.5169563293457,0.10016077756881714
409,37.72149658203125,0.08499179780483246
410,35.79943084716797,0.10834356397390366
411,36.788448333740234,0.0997132956981659
412,37.470420837402344,0.08180501312017441
413,38.30538558959961,0.0670112892985344
414,36.65956497192383,0.09787972271442413
415,37.27997589111328,0.09280025213956833
416,37.74120330810547,0.08352012187242508
417,38.28462600708008,0.06459864974021912
418,36.51069641113281,0.08847804367542267
419,36.92515563964844,0.10196983069181442
420,36.80281448364258,0.08851884305477142
421,37.199363708496094,0.08229703456163406
422,36.94923782348633,0.10286151617765427
423,36.67749786376953,0.09745130687952042
424,36.473968505859375,0.09642941504716873
425,36.91867446899414,0.08464550226926804
426,37.34330749511719,0.08069173246622086
427,37.03347396850586,0.0913921520113945
428,37.4505615234375,0.09444049000740051
429,36.274349212646484,0.10951129347085953
430,38.46735763549805,0.0654158890247345
431,38.52191925048828,0.0771012008190155
432,38.068809509277344,0.08595358580350876
433,38.55405807495117,0.08150085806846619
434,37.77614212036133,0.07983530312776566
435,35.87574768066406,0.10405436903238297
436,35.88529968261719,0.10415058583021164
437,36.5264778137207,0.09977518022060394
438,37.4245719909668,0.09086260944604874
439,36.36471176147461,0.10981077700853348
440,35.782867431640625,0.10787340253591537
441,35.68775177001953,0.11359342932701111
442,35.85847473144531,0.11444459855556488
443,35.972198486328125,0.10025081783533096
444,37.207794189453125,0.09851007908582687
445,36.8676872253418,0.0968492329120636
446,37.04787063598633,0.09690988063812256
447,38.139793395996094,0.07896742969751358
448,36.63451385498047,0.10127619653940201
449,36.11467742919922,0.10578161478042603
450,35.962974548339844,0.11160546541213989
451,37.03878402709961,0.09673188626766205
452,36.62738800048828,0.10071144253015518
453,36.33216094970703,0.09914864599704742
454,37.048370361328125,0.10115159302949905
455,36.23683547973633,0.0901559442281723
456,35.84611892700195,0.11444336175918579
457,37.11870574951172,0.09729637205600739
458,37.24688720703125,0.1045241728425026
459,36.726139068603516,0.09202302247285843
460,37.086952209472656,0.08737538754940033
461,38.507537841796875,0.05817258358001709
462,35.91901397705078,0.10750840604305267
463,35.71014404296875,0.11216268688440323
464,36.645164489746094,0.09272783994674683
465,36.90040969848633,0.0977882444858551
466,38.48341369628906,0.07503116875886917
467,37.91090774536133,0.07360392063856125
468,36.709197998046875,0.09380816668272018
469,37.8358039855957,0.07914236187934875
470,36.74073028564453,0.09972146153450012
471,35.88385009765625,0.10897085070610046
472,37.55290603637695,0.08576139807701111
473,35.63270568847656,0.11008331924676895
474,36.19168472290039,0.11130934208631516
475,37.50261688232422,0.08097626268863678
476,38.21574401855469,0.08473113179206848
477,39.06312561035156,0.08687276393175125
478,36.487972259521484,0.09980025887489319
479,36.71239471435547,0.09842482954263687
480,36.168792724609375,0.11258343607187271
481,35.552215576171875,0.11040974408388138
482,37.07524108886719,0.07960991561412811
483,35.58834457397461,0.11492129415273666
484,36.3364143371582,0.10605767369270325
485,36.62479019165039,0.09433156996965408
486,37.219722747802734,0.10210612416267395
487,36.154457092285156,0.10805400460958481
488,37.527137756347656,0.0740588828921318
489,38.802642822265625,0.052000269293785095
490,37.52495574951172,0.08094079047441483
491,35.93797302246094,0.11016073077917099
492,36.62806701660156,0.10244325548410416
493,37.20444107055664,0.09812324494123459
494,35.6969108581543,0.11560822278261185
495,36.97649383544922,0.08609075099229813
496,36.988624572753906,0.09507882595062256
497,37.435508728027344,0.08350000530481339
498,37.01900863647461,0.0874495580792427
499,37.52589797973633,0.09718653559684753
500,37.17204284667969,0.08750176429748535
501,37.038150787353516,0.09061872959136963
502,38.96470642089844,0.047177962958812714
503,36.43932342529297,0.10080894827842712
504,37.08637237548828,0.08964382112026215
505,35.82341384887695,0.10615719854831696
506,37.51099395751953,0.08882404863834381
507,37.989418029785156,0.07918106019496918
508,36.058441162109375,0.10376937687397003
509,36.129173278808594,0.09497620165348053
510,37.89448928833008,0.0862707868218422
511,35.976295471191406,0.10498717427253723
512,37.517173767089844,0.08596295863389969
513,37.81474304199219,0.08460179716348648
514,38.963531494140625,0.05495867878198624
515,37.45716857910156,0.10145625472068787
516,37.587684631347656,0.09556587040424347
517,37.62703323364258,0.09037841856479645
518,36.06149673461914,0.1023118793964386
519,37.91758346557617,0.0779392197728157
520,36.53687286376953,0.09317382425069809
521,36.27228927612305,0.10593283176422119
522,35.92649459838867,0.10579202324151993
523,38.57527160644531,0.05914207175374031
524,37.24380111694336,0.09791745245456696
525,35.938934326171875,0.10586980730295181
526,37.72704315185547,0.07797908037900925
527,37.46479034423828,0.08556508272886276
528,39.14444351196289,0.0648488998413086
529,36.787147521972656,0.10506192594766617
530,36.267250061035156,0.10809311270713806
531,37.341346740722656,0.08786338567733765
532,37.45524978637695,0.09180749207735062
533,36.52947235107422,0.09573599696159363
534,36.92082214355469,0.10165493190288544
535,35.51648712158203,0.11289434134960175
536,36.04999542236328,0.10836741328239441
537,38.25418472290039,0.08790130913257599
538,36.11985778808594,0.11033018678426743
539,37.7849235534668,0.09124225378036499
540,36.25838088989258,0.10301876068115234
541,37.45988082885742,0.08165846765041351
542,36.49612808227539,0.09999806433916092
543,36.913108825683594,0.0988953486084938
544,37.22358322143555,0.09612240642309189
545,38.12342071533203,0.07856272906064987
546,36.92953872680664,0.1019577831029892
547,36.051334381103516,0.10622454434633255
548,38.94602584838867,0.06876292824745178
549,37.826412200927734,0.0867379680275917
550,38.558448791503906,0.06989699602127075
551,37.769065856933594,0.08569297939538956
552,36.65341567993164,0.0952608734369278
553,35.98704147338867,0.10494713485240936
554,38.85114288330078,0.07555902749300003
555,37.233863830566406,0.08089180290699005
556,36.45720291137695,0.09491652995347977
557,36.7685546875,0.09819125384092331
558,35.90996551513672,0.1077481284737587
559,36.47057342529297,0.09562958031892776
560,36.352237701416016,0.09954854846000671
561,38.39088439941406,0.07251649349927902
562,37.38156509399414,0.0786035805940628
563,36.77642822265625,0.10527173429727554
564,36.888916015625,0.0779268890619278
565,36.21723175048828,0.10843358933925629
566,37.033851623535156,0.09234070032835007
567,36.916996002197266,0.09538954496383667
568,36.56707000732422,0.10582620650529861
569,38.56644058227539,0.07803372293710709
570,37.068511962890625,0.09376498311758041
571,38.13372039794922,0.07535688579082489
572,37.70908737182617,0.07709737867116928
573,36.48576736450195,0.09507939219474792
574,37.853721618652344,0.0754416286945343
575,39.418495178222656,0.051239244639873505
576,37.17351531982422,0.08629871159791946
577,35.880531311035156,0.112015500664711
578,36.52832794189453,0.10908670723438263
579,36.76224899291992,0.09584622085094452
580,36.195343017578125,0.10652057081460953
581,37.23954772949219,0.08432917296886444
582,37.27333068847656,0.085361048579216
583,36.47895812988281,0.08527087420225143
584,35.81285858154297,0.11563540250062943
585,39.3721809387207,0.05217974632978439
586,37.96408462524414,0.07083777338266373
587,36.955718994140625,0.10033823549747467
588,40.41390609741211,0.049279820173978806
589,35.42705535888672,0.11332827061414719
590,37.571678161621094,0.09799928963184357
591,35.9616813659668,0.10953482240438461
592,36.843509674072266,0.09519417583942413
593,37.03509521484375,0.0850171223282814
594,36.929927825927734,0.09157699346542358
595,37.30043029785156,0.09070536494255066
596,36.626625061035156,0.09798529744148254
597,36.259098052978516,0.09757497906684875
598,37.21464157104492,0.09570886939764023
599,36.180667877197266,0.10469771176576614
600,36.41058349609375,0.10553903132677078
601,38.34890365600586,0.07097781449556351
602,37.61123275756836,0.07636392116546631
603,36.7984619140625,0.09657653421163559
604,37.194053649902344,0.0912201777100563
605,40.31287384033203,0.06022511050105095
606,35.82324981689453,0.11156664043664932
607,37.953392028808594,0.07081834226846695
608,37.97562789916992,0.07809562981128693
609,37.317779541015625,0.08966558426618576
610,37.73645782470703,0.08241014182567596
611,37.700828552246094,0.0751022920012474
612,38.44890594482422,0.07926788181066513
613,36.38645553588867,0.11538700759410858
614,36.1281623840332,0.09444846957921982
615,37.95138931274414,0.08064541965723038
616,36.735511779785156,0.10830621421337128
617,36.762351989746094,0.09865061938762665
618,36.931148529052734,0.08962731808423996
619,36.855682373046875,0.08876537531614304
620,36.56804275512695,0.1081359013915062
621,37.56142807006836,0.08444799482822418
622,35.71826171875,0.09802758693695068
623,35.591129302978516,0.10915187001228333
624,36.838932037353516,0.09177584946155548
625,37.71096420288086,0.09356003999710083
626,36.49811553955078,0.10644671320915222
627,36.93463134765625,0.08417001366615295
628,36.54210662841797,0.10611902177333832
629,36.866661071777344,0.09666076302528381
630,37.04826736450195,0.088440902531147
631,36.58563995361328,0.10270921140909195
632,36.586463928222656,0.09211651235818863
633,38.34038543701172,0.07191568613052368
634,37.14889144897461,0.0865384116768837
635,37.595394134521484,0.09448348730802536
636,35.78547286987305,0.11498045921325684
637,37.56520462036133,0.07730772346258163
638,36.637577056884766,0.0996023565530777
639,36.091487884521484,0.10315438359975815
640,37.93635559082031,0.07655905932188034
641,36.379493713378906,0.10137908905744553
642,36.34447479248047,0.10523876547813416
643,36.370792388916016,0.10175462067127228
644,37.40443801879883,0.07956879585981369
645,35.81104278564453,0.1162724420428276
646,37.82855224609375,0.07106918841600418
647,38.646236419677734,0.09134362637996674
648,36.1291618347168,0.11287564784288406
649,37.479515075683594,0.07673287391662598
650,35.932029724121094,0.10186076909303665
651,36.19666290283203,0.10230064392089844
652,37.76852035522461,0.09661860764026642
653,36.18638610839844,0.10531429946422577
654,35.79740905761719,0.11524154245853424
655,37.54179000854492,0.07452134042978287
656,39.022090911865234,0.06600792706012726
657,36.7305793762207,0.10671155899763107
658,35.896888732910156,0.11014880985021591
659,36.28329086303711,0.09322547167539597
660,36.94343948364258,0.08828160166740417
661,38.03700256347656,0.08100774139165878
662,36.928977966308594,0.10381174832582474
663,39.205711364746094,0.08078400045633316
664,36.682342529296875,0.10101475566625595
665,37.1114616394043,0.08641162514686584
666,36.418128967285156,0.11595269292593002
667,36.919498443603516,0.10538049787282944
668,37.5376091003418,0.07928808778524399
669,36.359859466552734,0.09305565059185028
670,36.31103515625,0.10173191875219345
671,37.12406921386719,0.08965548872947693
672,37.78384780883789,0.09460338205099106
673,37.49993896484375,0.10062704980373383
674,38.10364532470703,0.08900248259305954
675,37.0404167175293,0.0917401909828186
676,36.25792694091797,0.10277041792869568
677,36.515174865722656,0.10675884783267975
678,36.68289566040039,0.08648522198200226
679,36.39979553222656,0.09605226665735245
680,37.771915435791016,0.07314849644899368
681,37.25412368774414,0.09712079167366028
682,37.41107940673828,0.08711176365613937
683,36.89229202270508,0.09313808381557465
684,37.346527099609375,0.08431905508041382
685,37.09300994873047,0.09190569072961807
686,37.50100326538086,0.08219099789857864
687,38.16913986206055,0.07179626822471619
688,36.97169494628906,0.08677251636981964
689,36.41948318481445,0.09693635255098343
690,36.23595428466797,0.10705084353685379
691,39.036373138427734,0.06268057227134705
692,37.00461959838867,0.08650699257850647
693,37.65877151489258,0.09721920639276505
694,35.725711822509766,0.1109200045466423
695,36.412628173828125,0.09532226622104645
696,36.480587005615234,0.10040238499641418
697,37.10707092285156,0.0914517492055893
698,38.445133209228516,0.06611469388008118
699,37.19560623168945,0.08808528631925583
700,35.61806106567383,0.10939210653305054
701,37.27102279663086,0.09328749030828476
702,35.521080017089844,0.11257154494524002
703,37.7910270690918,0.07817953824996948
704,38.42438507080078,0.07399658858776093
705,36.3253059387207,0.09927909821271896
706,36.84542465209961,0.09018503874540329
707,36.01940155029297,0.09743404388427734
708,36.115478515625,0.10012224316596985
709,37.8988037109375,0.08942639827728271
710,37.4141960144043,0.08715084940195084
711,38.14810562133789,0.06446272134780884
712,38.36062240600586,0.07615239918231964
713,37.05112838745117,0.09830734878778458
714,37.45087814331055,0.0857212021946907
715,38.40532302856445,0.07599321752786636
716,38.487369537353516,0.0767495408654213
717,36.490657806396484,0.10378866642713547
718,36.527687072753906,0.10642269998788834
719,37.807640075683594,0.08328085392713547
720,37.96480941772461,0.08737549930810928
721,36.77044677734375,0.08944253623485565
722,36.899452209472656,0.0973690077662468
723,38.17354965209961,0.08119884133338928
724,36.421836853027344,0.09612739831209183
725,37.26341247558594,0.08970613032579422
726,35.73373794555664,0.11377010494470596
727,36.48849105834961,0.0963912382721901
728,37.464969635009766,0.0884179025888443
729,37.36229705810547,0.08065435290336609
730,38.76436233520508,0.05559418350458145
731,37.95345687866211,0.07758709788322449
732,35.64299011230469,0.11610379070043564
733,37.11606979370117,0.10508153587579727
734,37.785770416259766,0.08384203165769577
735,37.95383071899414,0.07525395601987839
736,35.863807678222656,0.11236165463924408
737,37.34388732910156,0.08854629099369049
738,38.286842346191406,0.08015161752700806
739,35.651947021484375,0.10733351856470108
740,36.95610046386719,0.09337425976991653
741,35.813045501708984,0.10861850529909134
742,37.84520721435547,0.08702727407217026
743,36.26936340332031,0.09987512230873108
744,38.35698699951172,0.07654139399528503
745,37.84199523925781,0.07518362998962402
746,37.12324142456055,0.0970974937081337
747,38.07506561279297,0.07887051999568939
748,37.672088623046875,0.09483597427606583
749,37.82698059082031,0.07809820026159286
750,35.714263916015625,0.11009153723716736
751,38.41312026977539,0.06294668465852737
752,37.13201904296875,0.10227824747562408
753,37.08794403076172,0.08517608791589737
754,36.422908782958984,0.09236039221286774
755,36.0685920715332,0.09270603209733963
756,37.439796447753906,0.08563614636659622
757,37.01347351074219,0.098208487033844
758,36.92475128173828,0.10446752607822418
759,37.623390197753906,0.09816468507051468
760,38.95746612548828,0.06540482491254807
761,36.858680725097656,0.09645850956439972
762,39.4738655090332,0.05969040095806122
763,38.349510192871094,0.0676453486084938
764,36.79279327392578,0.08921239525079727
765,40.276649475097656,0.05676580220460892
766,37.06988525390625,0.08845747262239456
767,36.18803024291992,0.10789242386817932
768,35.923545837402344,0.11402643471956253
769,36.86277389526367,0.08382497727870941
770,37.44739532470703,0.08907409012317657
771,36.125572204589844,0.10389276593923569
772,38.670169830322266,0.06945930421352386
773,36.07497024536133,0.1006547063589096
774,36.29802322387695,0.10910940915346146
775,36.48650360107422,0.10130008310079575
776,35.93666458129883,0.11343386024236679
777,38.03251266479492,0.0693003460764885
778,37.55125427246094,0.07330530136823654
779,37.013492584228516,0.09493738412857056
780,35.92471694946289,0.10383650660514832
781,36.160003662109375,0.10360647737979889
782,38.467559814453125,0.08257416635751724
783,38.45060729980469,0.06472450494766235
784,37.211875915527344,0.07741344720125198
785,36.466217041015625,0.10398420691490173
786,36.59021759033203,0.09527414292097092
787,35.95960235595703,0.10855304449796677
788,35.707794189453125,0.11096008121967316
789,37.35924530029297,0.09037560969591141
790,36.2762451171875,0.10030792653560638
791,36.598236083984375,0.09193599969148636
792,37.68062210083008,0.07738708704710007
793,35.788143157958984,0.11620663851499557
794,37.37417984008789,0.104014553129673
795,36.30768585205078,0.1056603267788887
796,36.55941390991211,0.09789351373910904
797,38.05033493041992,0.08170022815465927
798,37.76679992675781,0.07047582417726517
799,36.53083038330078,0.0973888412117958
800,35.687828063964844,0.10944441705942154
801,36.28559875488281,0.10406079888343811
802,36.80453872680664,0.08680371940135956
803,36.5795783996582,0.10277843475341797
804,37.85179138183594,0.07807868719100952
805,36.726783752441406,0.10434648394584656
806,36.761775970458984,0.10096948593854904
807,37.614906311035156,0.07355251908302307
808,35.80524826049805,0.11462672799825668
809,36.49757766723633,0.10217764973640442
810,39.564579010009766,0.06347446143627167
811,36.08458709716797,0.1041119322180748
812,38.97907257080078,0.06569524109363556
813,39.40101623535156,0.050610076636075974
814,37.811580657958984,0.07469400018453598
815,36.636695861816406,0.0991656631231308
816,36.91050720214844,0.09281421452760696
817,37.2635383605957,0.09602098912000656
818,37.934959411621094,0.07903746515512466
819,37.85050582885742,0.07619627565145493
820,37.502532958984375,0.08962596952915192
821,37.249229431152344,0.10417811572551727
822,37.30183792114258,0.08995053172111511
823,37.80213165283203,0.08595678955316544
824,35.92433166503906,0.10532789677381516
825,36.76310729980469,0.10135581344366074
826,37.64884567260742,0.07988748699426651
827,36.77995300292969,0.09313341975212097
828,37.56166458129883,0.08314540237188339
829,36.805179595947266,0.10195568948984146
830,38.803184509277344,0.08258197456598282
831,36.86093521118164,0.09455804526805878
832,36.70805358886719,0.0984407365322113
833,35.67094421386719,0.11351916193962097
834,37.19483184814453,0.08328194916248322
835,37.865474700927734,0.07951154559850693
836,36.59694290161133,0.08884678035974503
837,37.38163757324219,0.0872197225689888
838,36.82484817504883,0.08518189936876297
839,36.5642204284668,0.09548614919185638
840,36.31862258911133,0.10311048477888107
841,37.267921447753906,0.09644892066717148
842,37.54387664794922,0.09097642451524734
843,37.03437423706055,0.08595187962055206
844,35.8797492980957,0.11152398586273193
845,36.84621047973633,0.1024632379412651
846,37.90107727050781,0.07623038440942764
847,36.33218765258789,0.09845007210969925
848,38.702919006347656,0.08258016407489777
849,37.720096588134766,0.08861341327428818
850,36.13870620727539,0.09604139626026154
851,36.5205192565918,0.09728351980447769
852,37.056671142578125,0.09007085859775543
853,37.2676887512207,0.08396995067596436
854,36.507347106933594,0.09428934752941132
855,36.8504753112793,0.09058418869972229
856,36.68159866333008,0.0968540608882904
857,38.60939407348633,0.09385141730308533
858,38.52023696899414,0.07181509584188461
859,38.61733627319336,0.0652470514178276
860,36.9082145690918,0.09974367171525955
861,37.17253875732422,0.09284181892871857
862,38.18080520629883,0.08337097615003586
863,37.25796127319336,0.0857202485203743
864,37.31438446044922,0.08632659167051315
865,38.69145584106445,0.07167105376720428
866,36.663936614990234,0.09646626561880112
867,38.0206413269043,0.08417282998561859
868,38.83656692504883,0.059074658900499344
869,37.55050277709961,0.08968234062194824
870,38.66012954711914,0.0699203759431839
871,37.065982818603516,0.07996893674135208
872,36.265804290771484,0.10818307846784592
873,38.85947036743164,0.0819273516535759
874,37.670936584472656,0.07615286111831665
875,35.98800277709961,0.10157130658626556
876,37.9697380065918,0.07023794203996658
877,38.472930908203125,0.07400684803724289
878,37.924285888671875,0.08264989405870438
879,38.058807373046875,0.08555004745721817
880,39.16545867919922,0.0708351582288742
881,38.299217224121094,0.07593941688537598
882,39.95471954345703,0.06395141780376434
883,37.372005462646484,0.08638837188482285
884,38.5330696105957,0.08202333003282547
885,37.47161102294922,0.0829487293958664
886,37.53409957885742,0.0856810063123703
887,36.910858154296875,0.08647651225328445
888,38.89108657836914,0.065865658223629
889,37.78582000732422,0.09683173894882202
890,37.065975189208984,0.09368129074573517
891,39.295528411865234,0.07844457775354385
892,37.214012145996094,0.09322962909936905
893,37.86750411987305,0.0809754729270935
894,36.766632080078125,0.09158523380756378
895,37.529117584228516,0.09067055583000183
896,36.95609664916992,0.09787288308143616
897,36.081642150878906,0.1043272614479065
898,36.61220932006836,0.09460577368736267
899,37.41653823852539,0.08809078484773636
900,37.99000549316406,0.07309184968471527
901,36.31032180786133,0.0924951359629631
902,35.455848693847656,0.11244608461856842
903,36.15912628173828,0.10517840087413788
904,36.27124786376953,0.09789480268955231
905,38.03350067138672,0.07765050232410431
906,36.736106872558594,0.09692646563053131
907,38.51353454589844,0.06896422058343887
908,36.176483154296875,0.10891620069742203
909,38.217594146728516,0.08420281857252121
910,36.00492858886719,0.09805846959352493
911,36.717132568359375,0.10586320608854294
912,36.604740142822266,0.09925537556409836
913,36.80387496948242,0.09223075211048126
914,38.58967971801758,0.05449545010924339
915,37.365116119384766,0.08653119206428528
916,36.44243621826172,0.0941920354962349
917,36.34135818481445,0.10294324904680252
918,37.06248474121094,0.0938967913389206
919,36.279541015625,0.10424540936946869
920,37.40778350830078,0.08986999094486237
921,35.96979522705078,0.10153871029615402
922,37.124080657958984,0.09547045081853867
923,37.98475646972656,0.08130990713834763
924,37.399818420410156,0.09519630670547485
925,36.42584991455078,0.10007146000862122
926,37.062007904052734,0.09729965776205063
927,37.501285552978516,0.08548806607723236
928,36.0777587890625,0.1076980009675026
929,38.226966857910156,0.08402898907661438
930,37.19447326660156,0.07887870073318481
931,36.32401657104492,0.10182061046361923
932,38.336971282958984,0.0791364312171936
933,35.86235809326172,0.10666467994451523
934,36.108116149902344,0.10193290561437607
935,37.47614288330078,0.07327574491500854
936,36.571533203125,0.10088305175304413
937,36.302703857421875,0.0971657857298851
938,37.9684944152832,0.07808855921030045
939,36.15078353881836,0.11136246472597122
940,37.523475646972656,0.08936642110347748
941,36.87411880493164,0.09084776788949966
942,38.05686950683594,0.06854870915412903
943,36.002628326416016,0.10962524265050888
944,35.76894760131836,0.113846555352211
945,36.90406799316406,0.0954396054148674
946,37.10307312011719,0.08649381250143051
947,36.67145538330078,0.09921187907457352
948,38.77346420288086,0.055596210062503815
949,36.74892044067383,0.08606389164924622
950,35.68758773803711,0.11020074784755707
951,38.81268310546875,0.06005866825580597
952,37.18572998046875,0.09520305693149567
953,37.01486587524414,0.0890672579407692
954,36.99122619628906,0.09876438975334167
955,37.19498825073242,0.09605779498815536
956,37.5559196472168,0.08476947993040085
957,37.12668228149414,0.0833079069852829
958,36.116127014160156,0.10092296451330185
959,38.6824951171875,0.06692791730165482
960,35.50186538696289,0.11928342282772064
961,36.85056686401367,0.10816279798746109
962,37.4619140625,0.08266035467386246
963,35.99475860595703,0.11350603401660919
964,38.594478607177734,0.06631636619567871
965,35.6447868347168,0.11499278247356415
966,37.10246658325195,0.0940188616514206
967,36.12883758544922,0.10555828362703323
968,35.71266174316406,0.105127714574337
969,39.16122055053711,0.06931780278682709
970,36.11128234863281,0.1054762452840805
971,39.65378952026367,0.04693567007780075
972,38.09022903442383,0.07225275039672852
973,37.676753997802734,0.08098515123128891
974,38.880401611328125,0.07169438153505325
975,38.10007858276367,0.0924098864197731
976,36.404747009277344,0.10140640288591385
977,39.062313079833984,0.05806144326925278
978,36.941078186035156,0.09525958448648453
979,37.360984802246094,0.08216854929924011
980,39.67497634887695,0.07602965086698532
981,36.5120849609375,0.09528904408216476
982,39.73149108886719,0.04269171133637428
983,36.35731887817383,0.10866371542215347
984,37.374290466308594,0.08711068332195282
985,39.8159294128418,0.07086028903722763
986,36.268653869628906,0.10841444879770279
987,37.831504821777344,0.08678259700536728
988,37.64177703857422,0.07561039924621582
989,36.29888153076172,0.10609935224056244
990,36.67584991455078,0.09339162707328796
991,37.049137115478516,0.09108783304691315
992,36.78953170776367,0.09437797963619232
993,37.8642692565918,0.07903119921684265
994,36.56837463378906,0.09882424026727676
995,37.00362014770508,0.0858701691031456
996,36.9134635925293,0.09054599702358246
997,35.401615142822266,0.11273522675037384
998,35.69473648071289,0.10997813194990158
999,37.69320297241211,0.07657855749130249
