item_id,umap_1,umap_2
COG_001,2.1969805,8.109365
COG_002,2.4251523,7.6842666
COG_003,3.3617103,8.103265
COG_004,2.9554107,8.472966
COG_005,3.0427108,8.681765
COG_006,2.203529,7.8575068
COG_007,2.0301764,8.006098
COG_008,3.2454982,7.978412
COG_009,2.0680058,7.9900327
COG_010,3.1898777,8.706861
COG_011,2.1758773,6.1598063
COG_012,2.9336805,7.9567704
COG_013,3.453946,7.671808
COG_014,2.724058,7.7310305
COG_015,2.3286982,6.384464
COG_016,3.8395615,8.518766
COG_017,4.3953824,9.364984
COG_018,2.42608,7.971532
COG_019,3.0460718,7.2518463
COG_020,2.2048864,7.6441708
COG_021,5.085077,8.52598
COG_022,3.1510758,7.3057213
COG_023,3.823853,9.106099
COG_024,4.1618934,8.43853
COG_025,4.9254823,8.648979
COG_026,3.609694,9.018826
COG_027,5.73077,8.743367
COG_028,4.7962627,9.441738
COG_029,3.7989743,9.217532
COG_030,5.9602036,8.83537
COG_031,3.4451241,8.903893
COG_032,2.86269,7.790513
COG_033,5.7750354,9.00839
COG_034,5.414971,9.184705
COG_035,5.683093,9.242682
COG_036,5.862241,9.231042
COG_037,5.7869844,8.871811
COG_038,7.6175246,4.927998
COG_039,4.794824,8.261568
COG_040,4.579857,9.669511
COG_041,3.992029,9.473792
COG_042,5.352279,9.667289
COG_043,4.8795123,9.773954
COG_044,4.6919045,8.552261
COG_045,4.646422,9.61649
COG_046,5.2457643,9.771139
COG_047,7.398619,5.1195016
COG_048,4.233426,7.2950087
COG_049,8.207029,5.6690826
COG_050,4.5899525,9.851862
COG_051,8.271216,5.524206
COG_052,5.070409,9.78007
COG_053,4.345833,7.288529
COG_054,6.2642837,9.168643
COG_055,7.459322,5.0473757
COG_056,8.1581335,5.727191
COG_057,4.8413877,8.1452055
COG_058,8.322799,5.428042
COG_059,2.9321964,7.8510995
COG_060,8.365644,5.469903
COG_061,8.481623,6.0987916
COG_062,7.5419517,5.028333
COG_063,8.422297,6.017986
COG_064,1.9393082,5.6626515
COG_065,4.2081766,7.456583
COG_066,8.381613,5.378335
COG_067,4.7872477,7.6594095
COG_068,2.17126,5.613251
COG_069,4.253307,7.3932924
COG_070,6.148138,9.070468
COG_071,4.3716736,7.4510994
COG_072,4.097089,3.4416666
COG_073,4.072395,3.4771628
COG_074,4.080019,3.7630396
COG_075,4.1573324,3.3895562
COG_076,1.6544969,5.4253163
COG_077,4.004179,3.5259547
COG_078,7.3630104,4.9243226
COG_079,6.731018,9.114288
COG_080,1.8115842,5.5290093
COG_081,1.9618559,5.6610966
COG_082,8.492095,6.0976667
COG_083,1.9761323,5.8523455
COG_084,1.7887037,5.586834
COG_085,6.5603824,9.319845
COG_086,6.673874,9.15417
COG_087,4.038965,9.704122
COG_088,1.6752658,5.466723
COG_089,6.466904,9.297596
COG_090,6.643365,9.22464
COG_091,7.2518153,4.923745
