item_id,assigned_factor,pairing_similarity
COG_003,attention,0.8905743360519409
COG_004,attention,1.0
COG_010,attention,1.0000001192092896
COG_011,attention,1.0
COG_014,attention,0.8299041986465454
COG_015,attention,0.8334617018699646
COG_002,attention,0.9095122814178467
COG_032,attention,1.0
COG_059,attention,0.8391727805137634
COG_042,flexibility_shift,0.9999999403953552
COG_049,flexibility_shift,0.9585172533988953
COG_051,flexibility_shift,1.0000001192092896
COG_058,flexibility_shift,0.9999998807907104
COG_060,flexibility_shift,0.9999997019767761
COG_061,flexibility_shift,0.9759277701377869
COG_063,flexibility_shift,0.9903782606124878
COG_082,flexibility_shift,0.972475528717041
COG_066,flexibility_shift,0.6250767111778259
COG_017,goal_directed_problem_solving,0.866857647895813
COG_041,goal_directed_problem_solving,0.9020498991012573
COG_043,goal_directed_problem_solving,0.7962067723274231
COG_057,goal_directed_problem_solving,1.0000001192092896
COG_067,goal_directed_problem_solving,0.9805977940559387
COG_072,higher_order_processing,0.8278236985206604
COG_073,higher_order_processing,0.7759445309638977
COG_077,higher_order_processing,1.0000001192092896
COG_091,higher_order_processing,1.000000238418579
COG_025,working_memory,0.9644601345062256
COG_013,working_memory,0.7027847170829773
COG_034,working_memory,1.0
COG_040,working_memory,0.9999996423721313
COG_045,working_memory,1.0000001192092896
COG_050,working_memory,1.000000238418579
COG_068,working_memory,0.582269549369812
COG_081,working_memory,0.6603473424911499
COG_064,working_memory,0.5526575446128845
COG_076,working_memory,1.0000001192092896
COG_084,working_memory,0.8969997763633728
COG_090,working_memory,0.9999997615814209
