item_id,item_title
COG_001,Calms When Picked UP
COG_005,Discriminates Between Objects
COG_006,Recognizes Caregiver
COG_007,Becomes Excited in Anticipation
COG_008,Regards Object for 5 Seconds
COG_009,Reacts to Disappearance of Face
COG_012,Habituates to Object
COG_016,Explores Object
COG_018,Inspects Own Hand
COG_019,Mirror Image Series: Approaches
COG_020,Responds to Surroundings Series: Awareness of Novelty
COG_021,Persistent Reach
COG_022,Mirror Image Series: Responds Positively
COG_023,Plays With String
COG_024,Bangs in Play
COG_026,Bell Series: Manipulates
COG_027,Picks Up Block Series: Reaches for Second Block
COG_028,Pulls Cloth to Obtain Object
COG_029,Pulls String Adaptively
COG_030,Retains Both Blocks
COG_031,Bell Series: Rings Purposely
COG_033,Picks Up Block Series: Retains 2 of 3 Blocks
COG_035,Takes Blocks Out of Cup
COG_036,Block Series: 1 Block
COG_037,Picks Up Block Series: 3 Blocks
COG_038,Explores Holes in Pegboard
COG_039,Pushes Car
COG_044,Squeezes Object
COG_046,Removes Lid From Bottle
COG_047,Pegboard Series: 2 Holes
COG_048,Relational Play Series: Self
COG_052,Clear Box: Sides
COG_053,Relational Play Series: Others
COG_054,Block Series: 9 Blocks
COG_055,Pegboard Series: 6 Pegs
COG_056,Pink Board Series: Completes
COG_062,Completes Pegboard: 25 Seconds
COG_065,Representational Play
COG_069,Imaginary Play
COG_070,Understands Concept of One
COG_071,Multischeme Combination Play
COG_074,Compares Masses
COG_075,Matches Size
COG_078,Sorts Pegs by Color
COG_079,Counts (One-to-One Correspondence)
COG_080,Discriminates Sizes
COG_083,Discriminates Patterns
COG_085,Counts (Cardinality)
COG_086,Number Constancy
COG_087,Laces Card
COG_088,Classifies Objects
COG_089,Understands Concept of More
