item_id,assigned_factor,assignment_method,assignment_score
COG_034,working_memory,cascade_pairing,1.0
COG_035,uncategorized_cognition,centroid_loo,0.7687264084815979
COG_036,uncategorized_cognition,centroid_loo,0.8065706491470337
COG_037,uncategorized_cognition,centroid_loo,0.8107870221138
COG_038,uncategorized_cognition,centroid_loo,0.7176855802536011
COG_039,uncategorized_cognition,centroid_loo,0.5869402289390564
COG_040,working_memory,cascade_pairing,0.9999996423721313
COG_041,goal_directed_problem_solving,cascade_pairing,0.9020498991012573
COG_042,flexibility_shift,cascade_pairing,0.9999999403953552
COG_043,goal_directed_problem_solving,cascade_pairing,0.7962067723274231
COG_044,goal_directed_problem_solving,centroid_loo,0.5633777379989624
COG_045,working_memory,cascade_pairing,1.0000001192092896
COG_046,uncategorized_cognition,centroid_loo,0.5892434120178223
COG_047,uncategorized_cognition,centroid_loo,0.7040014266967773
COG_048,uncategorized_cognition,centroid_loo,0.7238177061080933
COG_049,flexibility_shift,cascade_pairing,0.9585172533988953
COG_050,working_memory,cascade_pairing,1.000000238418579
COG_051,flexibility_shift,cascade_pairing,1.0000001192092896
COG_052,goal_directed_problem_solving,centroid_loo,0.7547096014022827
COG_053,uncategorized_cognition,centroid_loo,0.7156447768211365
COG_054,uncategorized_cognition,centroid_loo,0.7273135781288147
COG_055,flexibility_shift,centroid_loo,0.7059779763221741
COG_056,flexibility_shift,centroid_loo,0.8598830103874207
COG_057,goal_directed_problem_solving,cascade_pairing,1.0000001192092896
COG_058,flexibility_shift,cascade_pairing,0.9999998807907104
COG_059,attention,cascade_pairing,0.8391727805137634
COG_060,flexibility_shift,cascade_pairing,0.9999997019767761
COG_061,flexibility_shift,cascade_pairing,0.9759277701377869
COG_062,flexibility_shift,centroid_loo,0.7152354717254639
COG_063,flexibility_shift,cascade_pairing,0.9903782606124878
COG_064,working_memory,cascade_pairing,0.5526575446128845
COG_065,uncategorized_cognition,centroid_loo,0.746309757232666
COG_066,flexibility_shift,cascade_pairing,0.6250767111778259
COG_067,goal_directed_problem_solving,cascade_pairing,0.9805977940559387
COG_068,working_memory,cascade_pairing,0.582269549369812
