"item_col","assigned_factor"
"COG040","working_memory"
"COG045","working_memory"
"COG050","working_memory"
"COG064","working_memory"
"COG041","goal_directed_problem_solving"
"COG043","goal_directed_problem_solving"
"COG044","goal_directed_problem_solving"
"COG046","goal_directed_problem_solving"
"COG048","goal_directed_problem_solving"
"COG052","goal_directed_problem_solving"
"COG053","goal_directed_problem_solving"
"COG057","goal_directed_problem_solving"
"COG049","flexibility_shift"
"COG051","flexibility_shift"
"COG054","flexibility_shift"
"COG055","flexibility_shift"
"COG056","flexibility_shift"
"COG058","flexibility_shift"
"COG060","flexibility_shift"
"COG061","flexibility_shift"
"COG062","flexibility_shift"
"COG063","flexibility_shift"
"COG066","flexibility_shift"
