"","COG040","COG045","COG050","COG064","COG041","COG043","COG044","COG046","COG048","COG052","COG053","COG057","COG049","COG051","COG054","COG055","COG056","COG058","COG060","COG061","COG062","COG063","COG066"
"COG040",1,0.533884013393356,0.487113147331705,0.324525746595347,0.0876369586529445,0.0953358254286368,0.339978384621319,0.19320178120959,0.121736581285754,0.127624121727027,0.08053352912467,0.0840071556124129,0.3058653551443,0.262106016769681,0.168915673697736,0.186404523855299,0.23130916603453,0.131538147735136,0.202192561463884,0.0564409611594265,0.229256761515248,0.179205794834342,0.148570541369206
"COG045",0.533884013393355,1,0.572401089712019,0.298786324744005,0.216429588528484,0.265337924496721,0.303623822165808,0.213218560121047,0.154751398022765,0.20532154342533,0.228783042531769,0.104299427578669,0.309921406280578,0.333123646857157,0.192015416980371,0.262110757488479,0.247834403091326,0.229564898923767,0.295589996838476,0.152063669321056,0.313551364343839,0.179702386000411,0.234029644815468
"COG050",0.487113147331705,0.572401089712019,1,0.322913927701842,0.246746302079188,0.309937027306928,0.329647574951591,0.126560757787747,0.261523077852532,0.273268128540677,0.241272481764974,0.112953393419563,0.397580813905486,0.396951628973095,0.289411714124605,0.409319562570158,0.307426554151154,0.271663203066585,0.350845955542441,0.315731447260038,0.253377492833455,0.36913111849497,0.296686736500214
"COG064",0.324525746595347,0.298786324744005,0.322913927701842,1,0.276799440845433,0.394729780149203,0.312993909096292,0.248724398437905,0.366416910606981,0.372582541382659,0.363407243409507,0.335181925663212,0.425150969045964,0.473939357459347,0.438644051664193,0.65470073866632,0.619573797855918,0.584224074668876,0.636653799531777,0.614000302693693,0.520104932174286,0.613450841312964,0.740832138770712
"COG041",0.0876369586529446,0.216429588528484,0.246746302079188,0.276799440845433,1,0.22006137089629,0.317723432744612,0.179957891844499,0.212404181377913,0.202581408942861,0.15993289416999,0.314145314524907,0.189570636176015,0.285246421004314,0.166675249645243,0.316270092986725,0.165018011375673,0.194991534663756,0.24895397506803,0.258331742180581,0.351836818206902,0.317457132383244,0.3227632782602
"COG043",0.0953358254286367,0.265337924496721,0.309937027306928,0.394729780149203,0.22006137089629,1,0.290949102504587,0.159628690800311,0.257855304540742,0.570569210086753,0.152051348841648,0.10725163426365,0.30558423688654,0.284251143034075,0.318790099052864,0.438453519997891,0.281241400792353,0.256808290053484,0.350952744254392,0.396885279300623,0.445215815968624,0.265319744855804,0.397074116746404
"COG044",0.339978384621319,0.303623822165808,0.329647574951591,0.312993909096292,0.317723432744612,0.290949102504587,1,0.241359113750343,0.355465648660135,0.272497949822904,0.328440384746274,0.0624989883058693,0.300261277712162,0.334282944367322,0.230374711120411,0.333224790428456,0.318843463162277,0.243407909700915,0.32138244248461,0.227386027760778,0.229981499483226,0.241483704956857,0.365378722577954
"COG046",0.19320178120959,0.213218560121047,0.126560757787747,0.248724398437905,0.179957891844499,0.159628690800311,0.241359113750343,1,0.21906973996001,0.000398609838594648,0.133792740747154,0.123520659856039,0.229178132412334,0.223054977170938,0.0875048383092275,0.267015559287558,0.224376011894606,0.224955470662822,0.255740830149192,0.283793999572151,0.361058116428065,0.298465591944727,0.377690937433762
"COG048",0.121736581285755,0.154751398022765,0.261523077852532,0.366416910606981,0.212404181377913,0.257855304540742,0.355465648660135,0.21906973996001,1,0.24223411950159,0.895590174279467,0.172861532301344,0.196116671103755,0.344814256304475,0.219337645338467,0.320858029449733,0.0981057492743486,0.148953244338962,0.172231768736776,0.0806409039138394,0.140021762434651,0.127857000622418,0.222060499559964
"COG052",0.127624121727027,0.20532154342533,0.273268128540676,0.372582541382659,0.202581408942861,0.570569210086753,0.272497949822904,0.000398609838594647,0.242234119501589,1,0.259262893520362,0.209618341065242,0.276867647133767,0.335627963708495,0.380300659330552,0.470835399659475,0.277686668037262,0.232443858696339,0.318911323744547,0.354595209333546,0.284620979613593,0.342668106122692,0.310414865322593
"COG053",0.08053352912467,0.228783042531769,0.241272481764974,0.363407243409507,0.15993289416999,0.152051348841648,0.328440384746274,0.133792740747154,0.895590174279467,0.259262893520363,1,0.134426147587734,0.192666268268025,0.261379162314626,0.208867688149097,0.305631015819419,0.154591828015139,0.0840241968708583,0.15913969495923,0.13991944795159,0.164777816036406,0.202646199126771,0.196604188226381
"COG057",0.0840071556124129,0.104299427578669,0.112953393419563,0.335181925663212,0.314145314524907,0.10725163426365,0.0624989883058693,0.123520659856039,0.172861532301344,0.209618341065243,0.134426147587734,1,0.267467356934791,0.245508299573659,0.251624886735347,0.459890051597867,0.24741163982902,0.320476109090999,0.330396433881484,0.386924777933957,0.279126493859819,0.344981949211595,0.327066290463826
"COG049",0.3058653551443,0.309921406280578,0.397580813905486,0.425150969045964,0.189570636176015,0.30558423688654,0.300261277712162,0.229178132412334,0.196116671103755,0.276867647133768,0.192666268268025,0.267467356934791,1,0.661593615136324,0.247387642094453,0.616632340631176,0.87345427177753,0.569184934901305,0.709125724658205,0.493112101538527,0.465966676409274,0.53387162052822,0.667000853351793
"COG051",0.262106016769681,0.333123646857157,0.396951628973095,0.473939357459347,0.285246421004313,0.284251143034075,0.334282944367322,0.223054977170938,0.344814256304475,0.335627963708495,0.261379162314626,0.245508299573659,0.661593615136324,1,0.32873493620439,0.713335612912792,0.710007730747254,0.843710988621739,0.673358707000029,0.511258407415762,0.456202516712392,0.403625176169707,0.659657822818959
"COG054",0.168915673697736,0.192015416980371,0.289411714124605,0.438644051664193,0.166675249645243,0.318790099052864,0.230374711120411,0.0875048383092275,0.219337645338467,0.380300659330552,0.208867688149097,0.251624886735347,0.247387642094453,0.32873493620439,1,0.402783043197529,0.223096324564243,0.307096781370247,0.343038043004625,0.33953896510331,0.198558059169429,0.29076347065825,0.422414323432774
"COG055",0.186404523855299,0.262110757488479,0.409319562570158,0.65470073866632,0.316270092986725,0.438453519997891,0.333224790428456,0.267015559287558,0.320858029449733,0.470835399659475,0.305631015819419,0.459890051597867,0.616632340631176,0.713335612912792,0.402783043197529,1,0.67871582013786,0.703976164798273,0.616683714511965,0.650262961611092,0.619361649001737,0.573521735421843,0.654013769353861
"COG056",0.23130916603453,0.247834403091326,0.307426554151154,0.619573797855918,0.165018011375673,0.281241400792353,0.318843463162277,0.224376011894606,0.0981057492743485,0.277686668037262,0.154591828015139,0.24741163982902,0.87345427177753,0.710007730747253,0.223096324564243,0.67871582013786,1,0.758190108027864,0.879336405394345,0.627499728422511,0.458797240273953,0.644370251133007,0.788918924007541
"COG058",0.131538147735136,0.229564898923767,0.271663203066585,0.584224074668876,0.194991534663756,0.256808290053484,0.243407909700915,0.224955470662822,0.148953244338962,0.232443858696339,0.0840241968708584,0.320476109090999,0.569184934901305,0.843710988621739,0.307096781370247,0.703976164798273,0.758190108027864,1,0.785573452904961,0.614698962643551,0.498418960282895,0.609987055357282,0.824448462999047
"COG060",0.202192561463884,0.295589996838476,0.350845955542441,0.636653799531777,0.24895397506803,0.350952744254392,0.32138244248461,0.255740830149192,0.172231768736776,0.318911323744547,0.15913969495923,0.330396433881484,0.709125724658205,0.673358707000029,0.343038043004625,0.616683714511965,0.879336405394345,0.785573452904961,1,0.642986267352207,0.501511700480393,0.695499687433159,0.824488910859934
"COG061",0.0564409611594266,0.152063669321056,0.315731447260038,0.614000302693693,0.258331742180581,0.396885279300623,0.227386027760778,0.283793999572151,0.0806409039138394,0.354595209333546,0.13991944795159,0.386924777933957,0.493112101538527,0.511258407415762,0.33953896510331,0.650262961611092,0.627499728422511,0.614698962643551,0.642986267352207,1,0.562539707931335,0.820180917888043,0.789370146415067
"COG062",0.229256761515248,0.313551364343839,0.253377492833455,0.520104932174286,0.351836818206902,0.445215815968624,0.229981499483226,0.361058116428065,0.140021762434651,0.284620979613593,0.164777816036406,0.279126493859819,0.465966676409274,0.456202516712392,0.198558059169429,0.619361649001737,0.458797240273953,0.498418960282895,0.501511700480393,0.562539707931336,1,0.530921730376579,0.664391836464077
"COG063",0.179205794834342,0.179702386000411,0.36913111849497,0.613450841312965,0.317457132383244,0.265319744855804,0.241483704956857,0.298465591944727,0.127857000622418,0.342668106122692,0.202646199126771,0.344981949211595,0.53387162052822,0.403625176169707,0.29076347065825,0.573521735421843,0.644370251133007,0.609987055357283,0.695499687433159,0.820180917888043,0.530921730376579,1,0.755423576401352
"COG066",0.148570541369206,0.234029644815468,0.296686736500214,0.740832138770712,0.3227632782602,0.397074116746404,0.365378722577954,0.377690937433762,0.222060499559964,0.310414865322593,0.196604188226381,0.327066290463825,0.667000853351793,0.65965782281896,0.422414323432774,0.654013769353861,0.788918924007541,0.824448462999047,0.824488910859934,0.789370146415067,0.664391836464077,0.755423576401352,1
