sex,gest_days,mu,sigma,nu,tau
male,231,1.905973,0.4027349,1.095261,17.05299
male,232,1.945933,0.4024603,1.095261,17.05299
male,233,1.985389,0.4021894,1.095261,17.05299
male,234,2.024345,0.4019221,1.095261,17.05299
male,235,2.062806,0.4016584,1.095261,17.05299
male,236,2.100775,0.4013983,1.095261,17.05299
male,237,2.138257,0.4011415,1.095261,17.05299
male,238,2.175255,0.4008882,1.095261,17.05299
male,239,2.211773,0.4006382,1.095261,17.05299
male,240,2.247815,0.4003915,1.095261,17.05299
male,241,2.283385,0.400148,1.095261,17.05299
male,242,2.318488,0.3999076,1.095261,17.05299
male,243,2.353126,0.3996704,1.095261,17.05299
male,244,2.387302,0.3994362,1.095261,17.05299
male,245,2.421021,0.399205,1.095261,17.05299
male,246,2.454287,0.3989767,1.095261,17.05299
male,247,2.487102,0.3987514,1.095261,17.05299
male,248,2.51947,0.3985288,1.095261,17.05299
male,249,2.551396,0.3983091,1.095261,17.05299
male,250,2.582882,0.3980921,1.095261,17.05299
male,251,2.613931,0.3978779,1.095261,17.05299
male,252,2.644547,0.3976663,1.095261,17.05299
male,253,2.674734,0.3974573,1.095261,17.05299
male,254,2.704494,0.3972509,1.095261,17.05299
male,255,2.73383,0.397047,1.095261,17.05299
male,256,2.762748,0.3968456,1.095261,17.05299
male,257,2.791248,0.3966466,1.095261,17.05299
male,258,2.819334,0.3964501,1.095261,17.05299
male,259,2.847009,0.3962559,1.095261,17.05299
male,260,2.874277,0.396064,1.095261,17.05299
male,261,2.90114,0.3958745,1.095261,17.05299
male,262,2.927602,0.3956872,1.095261,17.05299
male,263,2.953666,0.3955021,1.095261,17.05299
male,264,2.979333,0.3953192,1.095261,17.05299
male,265,3.004608,0.3951384,1.095261,17.05299
male,266,3.029493,0.3949598,1.095261,17.05299
male,267,3.053991,0.3947832,1.095261,17.05299
male,268,3.078104,0.3946087,1.095261,17.05299
male,269,3.101837,0.3944363,1.095261,17.05299
male,270,3.12519,0.3942658,1.095261,17.05299
male,271,3.148168,0.3940972,1.095261,17.05299
male,272,3.170772,0.3939306,1.095261,17.05299
male,273,3.193005,0.3937659,1.095261,17.05299
male,274,3.214871,0.393603,1.095261,17.05299
male,275,3.236371,0.393442,1.095261,17.05299
male,276,3.257508,0.3932828,1.095261,17.05299
male,277,3.278286,0.3931254,1.095261,17.05299
male,278,3.298705,0.3929698,1.095261,17.05299
male,279,3.318769,0.3928158,1.095261,17.05299
male,280,3.33848,0.3926636,1.095261,17.05299
male,281,3.357841,0.3925131,1.095261,17.05299
male,282,3.376854,0.3923642,1.095261,17.05299
male,283,3.395522,0.3922169,1.095261,17.05299
male,284,3.413847,0.3920713,1.095261,17.05299
male,285,3.431831,0.3919272,1.095261,17.05299
male,286,3.449476,0.3917847,1.095261,17.05299
male,287,3.466785,0.3916438,1.095261,17.05299
male,288,3.483761,0.3915043,1.095261,17.05299
male,289,3.500405,0.3913664,1.095261,17.05299
male,290,3.516719,0.3912299,1.095261,17.05299
male,291,3.532707,0.3910949,1.095261,17.05299
male,292,3.54837,0.3909613,1.095261,17.05299
male,293,3.56371,0.3908291,1.095261,17.05299
male,294,3.578729,0.3906983,1.095261,17.05299
male,295,3.59343,0.3905689,1.095261,17.05299
male,296,3.607815,0.3904408,1.095261,17.05299
male,297,3.621885,0.390314,1.095261,17.05299
male,298,3.635644,0.3901886,1.095261,17.05299
male,299,3.649092,0.3900645,1.095261,17.05299
male,300,3.662232,0.3899416,1.095261,17.05299
female,231,1.795602,0.348924,1.126787,19.65738
female,232,1.836325,0.3497515,1.126787,19.65738
female,233,1.877048,0.3505792,1.126787,19.65738
female,234,1.917184,0.3513983,1.126787,19.65738
female,235,1.956738,0.3522089,1.126787,19.65738
female,236,1.995713,0.353011,1.126787,19.65738
female,237,2.034114,0.3538048,1.126787,19.65738
female,238,2.071947,0.3545903,1.126787,19.65738
female,239,2.109216,0.3553677,1.126787,19.65738
female,240,2.1459260000000002,0.356137,1.126787,19.65738
female,241,2.18208,0.3568985,1.126787,19.65738
female,242,2.217685,0.3576521,1.126787,19.65738
female,243,2.252744,0.358398,1.126787,19.65738
female,244,2.28726,0.3591363,1.126787,19.65738
female,245,2.321239,0.3598671,1.126787,19.65738
female,246,2.354684,0.3605904,1.126787,19.65738
female,247,2.387601,0.3613064,1.126787,19.65738
female,248,2.419992,0.3620151,1.126787,19.65738
female,249,2.451864,0.3627167,1.126787,19.65738
female,250,2.483218,0.3634112,1.126787,19.65738
female,251,2.514059,0.3640987,1.126787,19.65738
female,252,2.544391,0.3647794,1.126787,19.65738
female,253,2.574219,0.3654532,1.126787,19.65738
female,254,2.603545,0.3661203,1.126787,19.65738
female,255,2.632374,0.3667808,1.126787,19.65738
female,256,2.660711,0.3674347,1.126787,19.65738
female,257,2.688557,0.3680822,1.126787,19.65738
female,258,2.715917,0.3687232,1.126787,19.65738
female,259,2.742794,0.3693579,1.126787,19.65738
female,260,2.769193,0.3699865,1.126787,19.65738
female,261,2.795117,0.3706088,1.126787,19.65738
female,262,2.820569,0.3712251,1.126787,19.65738
female,263,2.845554,0.3718353,1.126787,19.65738
female,264,2.870074,0.3724396,1.126787,19.65738
female,265,2.894132,0.3730381,1.126787,19.65738
female,266,2.917732,0.3736308,1.126787,19.65738
female,267,2.940878,0.3742177,1.126787,19.65738
female,268,2.963573,0.374799,1.126787,19.65738
female,269,2.98582,0.3753747,1.126787,19.65738
female,270,3.007622,0.3759449,1.126787,19.65738
female,271,3.028983,0.3765097,1.126787,19.65738
female,272,3.049906,0.377069,1.126787,19.65738
female,273,3.070393,0.3776231,1.126787,19.65738
female,274,3.090449,0.3781719,1.126787,19.65738
female,275,3.110075,0.3787155,1.126787,19.65738
female,276,3.129276,0.3792539,1.126787,19.65738
female,277,3.148054,0.3797873,1.126787,19.65738
female,278,3.166412,0.3803157,1.126787,19.65738
female,279,3.184353,0.3808392,1.126787,19.65738
female,280,3.20188,0.3813577,1.126787,19.65738
female,281,3.218996,0.3818715,1.126787,19.65738
female,282,3.235704,0.3823804,1.126787,19.65738
female,283,3.252007,0.3828846,1.126787,19.65738
female,284,3.267907,0.3833842,1.126787,19.65738
female,285,3.283407,0.3838792,1.126787,19.65738
female,286,3.29851,0.3843696,1.126787,19.65738
female,287,3.313219,0.3848555,1.126787,19.65738
female,288,3.327536,0.385337,1.126787,19.65738
female,289,3.341464,0.385814,1.126787,19.65738
female,290,3.355006,0.3862867,1.126787,19.65738
female,291,3.368165,0.3867552,1.126787,19.65738
female,292,3.380942,0.3872194,1.126787,19.65738
female,293,3.393341,0.3876793,1.126787,19.65738
female,294,3.405363,0.3881352,1.126787,19.65738
female,295,3.417013,0.3885869,1.126787,19.65738
female,296,3.428291,0.3890346,1.126787,19.65738
female,297,3.439201,0.3894783,1.126787,19.65738
female,298,3.449745,0.389918,1.126787,19.65738
female,299,3.459925,0.3903538,1.126787,19.65738
female,300,3.469744,0.3907857,1.126787,19.65738
